time,Open,High,Low,Close,Volume
2016-11-08 00:00:00-05:00,784.97,791.7399,779.1,787.76,2455575
2016-11-09 00:00:00-05:00,764.01,777.5,760.09,771.88,6009836
2016-11-10 00:00:00-05:00,778.81,778.83,717.7,742.36,9767306
2016-11-11 00:00:00-05:00,735.73,743.26,728.9,739.01,5128319
2016-11-14 00:00:00-05:00,746.2,746.2,710.1,719.07,5526704
2016-11-15 00:00:00-05:00,730,746.78,725.99,743.32,4972583
2016-11-16 00:00:00-05:00,739.37,749.87,735.61,746.44,2642614
2016-11-17 00:00:00-05:00,749.32,757.5,748,756.4,2675442
2016-11-18 00:00:00-05:00,761,767.74,757.6435,760.17,3132596
2016-11-21 00:00:00-05:00,766,780.35,765.11,780,3273532
2016-11-22 00:00:00-05:00,788.07,792.4,781,785.34,3849178
2016-11-23 00:00:00-05:00,781.74,781.75,773.12,780.12,2503759
2016-11-25 00:00:00-05:00,786.5,786.75,777.9,780.5,1310495
2016-11-28 00:00:00-05:00,776.99,777,764.24,766.84,3077607
2016-11-29 00:00:00-05:00,768,769.89,761.32,762.48,2271947
2016-11-30 00:00:00-05:00,762.34,768.09,750.25,750.59,3133120
2016-12-01 00:00:00-05:00,752.41,753.37,738.03,743.66,3449187
2016-12-02 00:00:00-05:00,743.4,748.4903,736.7,740.34,2597481
2016-12-05 00:00:00-05:00,745,761.49,742,759.36,3124663
2016-12-06 00:00:00-05:00,763.96,768.24,757.25,764.68,2775075
2016-12-07 00:00:00-05:00,764.54,770.42,755.82,770.42,2557823
2016-12-08 00:00:00-05:00,771.87,773.79,765.19,767.28,2323711
2016-12-09 00:00:00-05:00,770,770.25,765.34,768.65,1657222
2016-12-12 00:00:00-05:00,766.4,766.89,757.2,759.8275,2045147
2016-12-13 00:00:00-05:00,764.82,782.46,762,774.33,3928994
2016-12-14 00:00:00-05:00,778.25,780.86,762.81,768.81,3983496
2016-12-15 00:00:00-05:00,766.28,769.1,760.31,760.66,2748417
2016-12-16 00:00:00-05:00,764.09,765.13,754,757.77,3190406
2016-12-19 00:00:00-05:00,758.89,770.5,756.16,766.08,2292405
2016-12-20 00:00:00-05:00,768.65,774.39,767.71,771.21,1894521
2016-12-21 00:00:00-05:00,770,771.22,765.7,770.61,1483756
2016-12-22 00:00:00-05:00,768.13,771.21,763.02,766.26,1722212
2016-12-23 00:00:00-05:00,764.55,766.5,757.99,760.58,1440168
2016-12-27 00:00:00-05:00,763.4,774.65,761.2,771.4,1975531
2016-12-28 00:00:00-05:00,776.25,780,770.5,772.14,2449867
2016-12-29 00:00:00-05:00,772.4,773.4,760.85,765.15,2379201
2016-12-30 00:00:00-05:00,766.47,767.3999,748.28,750.03,2786459
2017-01-03 00:00:00-05:00,757.92,758.7595,747.7,753.66,2511913
2017-01-04 00:00:00-05:00,758.24,759.68,754.2,757.18,1671835
2017-01-05 00:00:00-05:00,761.55,782.3999,760.2557,780.45,4401014
2017-01-06 00:00:00-05:00,782.28,799.44,778.48,795.99,4559445
2017-01-09 00:00:00-05:00,798,801.7742,791.77,796.92,2551340
2017-01-10 00:00:00-05:00,796.6,798,789.5434,795.9,1759185
2017-01-11 00:00:00-05:00,793.66,799.5,789.51,799.01,2103978
2017-01-12 00:00:00-05:00,800.31,814.13,799.5,813.51,3610360
2017-01-13 00:00:00-05:00,814.32,821.65,811.4,817.24,2762463
2017-01-17 00:00:00-05:00,815.7,816,803.44,809.54,2508458
2017-01-18 00:00:00-05:00,809.5,811.73,804.27,807.48,1616748
2017-01-19 00:00:00-05:00,810,813.51,807.32,808.92,1721690
2017-01-20 00:00:00-05:00,815.24,816.02,806.26,808.27,2307710
2017-01-23 00:00:00-05:00,806.8,818.5,805.08,817.9,1836163
2017-01-24 00:00:00-05:00,822,823.99,814.5,822.44,2115119
2017-01-25 00:00:00-05:00,825.79,837.4183,825.288,836.66,2799331
2017-01-26 00:00:00-05:00,835.53,843.84,833,839.13,2564238
2017-01-27 00:00:00-05:00,839,839.7,829.44,835.76,2067364
2017-01-30 00:00:00-05:00,833,833.5,816.38,830.37,2672284
2017-01-31 00:00:00-05:00,823.84,826.99,819.56,823.28,2153806
2017-02-01 00:00:00-05:00,829.21,833.78,824.94,832.27,2720244
2017-02-02 00:00:00-05:00,836.59,842.49,828.26,839.95,4054940
2017-02-03 00:00:00-05:00,806.77,818.3,804,810.08,7601170
2017-02-06 00:00:00-05:00,809.8,810.72,803,807.61,2632498
2017-02-07 00:00:00-05:00,809.31,816.16,807.5,812.45,2563108
2017-02-08 00:00:00-05:00,812.69,821.479,812.5,819.7,1966070
2017-02-09 00:00:00-05:00,821.6,825,819.71,821.27,1648568
2017-02-10 00:00:00-05:00,823.82,828,822.85,827.47,1593192
2017-02-13 00:00:00-05:00,831.62,842.9999,828.55,836.52,3011352
2017-02-14 00:00:00-05:00,837,838.31,831.4522,836.39,1748671
2017-02-15 00:00:00-05:00,834,842.81,832.82,842.72,2087847
2017-02-16 00:00:00-05:00,841.84,845,839.375,844.12,1919618
2017-02-17 00:00:00-05:00,842,847.27,840.73,845.06,2047764
2017-02-21 00:00:00-05:00,848.84,857.98,847.25,856.44,2333692
2017-02-22 00:00:00-05:00,856.95,858.43,852.18,855.6,1801817
2017-02-23 00:00:00-05:00,857.57,860.86,848,852.19,2438281
2017-02-24 00:00:00-05:00,845,845.81,837.7501,845.23,2637694
2017-02-27 00:00:00-05:00,842.38,852.5,839.67,848.64,1855643
2017-02-28 00:00:00-05:00,851.45,854.09,842.05,845.04,1867681
2017-03-01 00:00:00-05:00,853.05,854.83,849.01,853.08,1780613
2017-03-02 00:00:00-05:00,853.08,854.82,847.28,848.87,1466621
2017-03-03 00:00:00-05:00,847.2,851.985,846.27,849.85,1300907
2017-03-06 00:00:00-05:00,845.22,848.49,841.12,846.6,1740504
2017-03-07 00:00:00-05:00,845.48,848.46,843.75,845.93,1553342
2017-03-08 00:00:00-05:00,848,853.07,846.79,850.54,1545310
2017-03-09 00:00:00-05:00,851,856.3999,850.31,853,1354214
2017-03-10 00:00:00-05:00,857,857.35,851.72,852.2,1599284
2017-03-13 00:00:00-04:00,851.77,855.69,851.71,854.5,1258884
2017-03-14 00:00:00-04:00,853.55,853.75,847.55,852.11,1397340
2017-03-15 00:00:00-04:00,854.33,854.45,847.11,852.85,1776158
2017-03-16 00:00:00-04:00,855.3,855.5,850.51,853.37,1250966
2017-03-17 00:00:00-04:00,853.41,853.83,850.64,852.31,2010268
2017-03-20 00:00:00-04:00,851.51,857.8,851.01,856.98,1638685
2017-03-21 00:00:00-04:00,858.84,862.795,841.31,843.19,3163549
2017-03-22 00:00:00-04:00,840.43,849.37,839.05,848.07,1882122
2017-03-23 00:00:00-04:00,848.2,850.89,844.8,847.56,1171566
2017-03-24 00:00:00-04:00,851.67,851.8,843.53,845.61,1461472
2017-03-27 00:00:00-04:00,838.07,850.3,833.5,846.83,1941719
2017-03-28 00:00:00-04:00,851.06,858.46,850.1,856,1977150
2017-03-29 00:00:00-04:00,859.9,876.438,859.02,874.32,3049753
2017-03-30 00:00:00-04:00,874.95,877.06,871.66,876.35,2005310
2017-03-31 00:00:00-04:00,877,890.35,876.65,886.55,2699276
2017-04-03 00:00:00-04:00,888,893.49,885.42,891.52,2405436
2017-04-04 00:00:00-04:00,891.5,908.5384,890.28,906.86,3761710
2017-04-05 00:00:00-04:00,910.82,923.72,905.62,909.33,5584864
2017-04-06 00:00:00-04:00,913.83,917.1899,894.4927,898.28,4722443
2017-04-07 00:00:00-04:00,899.65,900.09,889.31,894.88,2779808
2017-04-10 00:00:00-04:00,899.63,908.51,899,907.04,2181323
2017-04-11 00:00:00-04:00,907.04,911.24,897.5,902.66,2174031
2017-04-12 00:00:00-04:00,903.09,904.09,895.2501,896.3,1774316
2017-04-13 00:00:00-04:00,891.45,894.97,884.49,884.67,2297279
2017-04-17 00:00:00-04:00,887.5,902.38,887.5,902.02,1922025
2017-04-18 00:00:00-04:00,900.99,909.61,900.78,903.76,2023530
2017-04-19 00:00:00-04:00,907.84,910.5,897.369,899.03,1990727
2017-04-20 00:00:00-04:00,899.7,905.32,896.29,902.06,1929509
2017-04-21 00:00:00-04:00,902.67,903.65,896.77,898.53,1689221
2017-04-24 00:00:00-04:00,908.68,909.99,903.82,907.35,2196873
2017-04-25 00:00:00-04:00,907.01,909.48,903,907.63,2362488
2017-04-26 00:00:00-04:00,910.3,915.749,907.56,909.28,1814288
2017-04-27 00:00:00-04:00,914.19,921.86,912.11,919,3033127
2017-04-28 00:00:00-04:00,949.1,949.59,924.3335,925,5248508
2017-05-01 00:00:00-04:00,927.8,954.4,927.8,948.43,3909398
2017-05-02 00:00:00-04:00,946.75,950.1,941.413,946.94,2675890
2017-05-03 00:00:00-04:00,946,946,935.9,941.02,2564531
2017-05-04 00:00:00-04:00,944.31,945,934.215,937.53,1588774
2017-05-05 00:00:00-04:00,940.65,940.79,930.3,934.15,1888691
2017-05-08 00:00:00-04:00,940.83,949.05,939.21,949.02,2379840
2017-05-09 00:00:00-04:00,952.8,957.89,950.2,952.8,2087815
2017-05-10 00:00:00-04:00,953.5,953.7499,945,948.95,1315519
2017-05-11 00:00:00-04:00,945.11,950.29,940.775,947.61,1372186
2017-05-12 00:00:00-04:00,953.46,962.79,951.53,961.63,2506691
2017-05-15 00:00:00-04:00,958.73,963.15,956.055,958.3,3002809
2017-05-16 00:00:00-04:00,961,970.06,960.91,966.08,2096564
2017-05-17 00:00:00-04:00,954.12,960.3957,944.12,944.89,3377202
2017-05-18 00:00:00-04:00,944.81,962.75,944.76,958.55,2663662
2017-05-19 00:00:00-04:00,962.84,968.92,959.72,960,2603472
2017-05-22 00:00:00-04:00,964,971.38,962.9,970.68,1808552
2017-05-23 00:00:00-04:00,975.02,975.2,966.85,971.54,1666151
2017-05-24 00:00:00-04:00,976,981,970.23,980.35,1580606
2017-05-25 00:00:00-04:00,984.85,999,982.11,993.39,3354037
2017-05-26 00:00:00-04:00,995,998.65,989.2491,995.76,2507406
2017-05-30 00:00:00-04:00,996.63,1001.2,995.52,996.76,2155705
2017-05-31 00:00:00-04:00,1000,1000.12,982.16,994.63,2527426
2017-06-01 00:00:00-04:00,998.59,998.99,991.37,996.92,1662729
2017-06-02 00:00:00-04:00,998.99,1008.48,995.67,1006.78,2638959
2017-06-05 00:00:00-04:00,1007.22,1013.21,1003.51,1011.17,1860939
2017-06-06 00:00:00-04:00,1011.84,1016.5,1001.25,1003,2264501
2017-06-07 00:00:00-04:00,1005.95,1010.25,1002,1010.08,1909870
2017-06-08 00:00:00-04:00,1012.06,1013.61,1006.11,1010.39,1825291
2017-06-09 00:00:00-04:00,1012.49,1012.99,927,977.27,5238664
2017-06-12 00:00:00-04:00,967.3,975.95,945,964.92,6801192
2017-06-13 00:00:00-04:00,977.99,984.5,966.1,980.8,3123922
2017-06-14 00:00:00-04:00,988.58,990.34,966.71,976.2,2767394
2017-06-15 00:00:00-04:00,955.42,965.73,950.86,964,3820995
2017-06-16 00:00:00-04:00,996,999.75,982,987.61,7787451
2017-06-19 00:00:00-04:00,1017,1017,989.9,995.13,3355328
2017-06-20 00:00:00-04:00,998,1004.88,992.02,992.58,2947920
2017-06-21 00:00:00-04:00,998.7,1002.72,992.6518,1001.79,2009224
2017-06-22 00:00:00-04:00,1002.23,1006.96,997.2,1001.39,1529883
2017-06-23 00:00:00-04:00,1002.23,1004.62,998.02,1003.74,1567841
2017-06-26 00:00:00-04:00,1008.5,1009.8,992,993.99,2296456
2017-06-27 00:00:00-04:00,990.69,998.8,976,977.41,2547606
2017-06-28 00:00:00-04:00,978.95,990.68,969.21,990.03,2503993
2017-06-29 00:00:00-04:00,980.01,987.56,965.25,975.91,2848218
2017-06-30 00:00:00-04:00,980.12,983.47,967.61,968,2236282
2017-07-03 00:00:00-04:00,972.49,974.49,951.0001,953.66,1945386
2017-07-05 00:00:00-04:00,961.08,975,955.25,971.2,2478784
2017-07-06 00:00:00-04:00,964.66,974.4,959.02,965.14,2217027
2017-07-07 00:00:00-04:00,969.55,980.11,969.14,978.66,1722727
2017-07-10 00:00:00-04:00,985,999.4392,983.5,996.33,2299259
2017-07-11 00:00:00-04:00,993.45,995.99,983.72,994.1,2000212
2017-07-12 00:00:00-04:00,1000.65,1008.55,998.1,1006.5,2395069
2017-07-13 00:00:00-04:00,1004.41,1006.88,995.9,999.84,1864677
2017-07-14 00:00:00-04:00,1002.4,1004.45,996.89,1001.9,1343268
2017-07-17 00:00:00-04:00,1004.69,1014.75,1003.81,1010.05,2280859
2017-07-18 00:00:00-04:00,1006,1026.03,1004,1024.3,2734515
2017-07-19 00:00:00-04:00,1025,1031.59,1022.5,1026.88,2021577
2017-07-20 00:00:00-04:00,1031.59,1034.97,1022.52,1029.2,1927938
2017-07-21 00:00:00-04:00,1021.94,1026.1,1011,1024.93,1692818
2017-07-24 00:00:00-04:00,1028.34,1043.01,1027.43,1038.48,1966399
2017-07-25 00:00:00-04:00,1038.05,1043.33,1032.48,1040.13,1492387
2017-07-26 00:00:00-04:00,1043.2,1053.2,1043.2,1053.2,1799775
2017-07-27 00:00:00-04:00,1069.73,1083.31,1040.18,1044.98,6666213
2017-07-28 00:00:00-04:00,1011.9,1032.85,1001,1020.01,4902480
2017-07-31 00:00:00-04:00,1019.05,1019.05,987.02,987.5,4890526
2017-08-01 00:00:00-04:00,996.11,1006.4,991.58,996.19,2947414
2017-08-02 00:00:00-04:00,1001.77,1003.21,981.73,995.32,2717447
2017-08-03 00:00:00-04:00,999.47,999.5,984.59,987.1407,2108352
2017-08-04 00:00:00-04:00,989.68,991.672,982,987.41,1850318
2017-08-07 00:00:00-04:00,990.65,995,987.14,991.8,1753891
2017-08-08 00:00:00-04:00,994.35,996.28,985.79,989.78,1884247
2017-08-09 00:00:00-04:00,982.6,988,975.27,982.22,2275484
2017-08-10 00:00:00-04:00,976.295,979.86,954.68,956.54,3704269
2017-08-11 00:00:00-04:00,960.07,970.39,951.38,968.2,2242880
2017-08-14 00:00:00-04:00,978.42,985.5,976.19,983.25,2075824
2017-08-15 00:00:00-04:00,988.9,991.74,982,982.68,1722131
2017-08-16 00:00:00-04:00,981.65,986.4605,973.22,978.02,1910049
2017-08-17 00:00:00-04:00,977.84,977.84,960.32,960.57,2220614
2017-08-18 00:00:00-04:00,961.4,965.43,954.65,958.61,2125307
2017-08-21 00:00:00-04:00,957.57,961.2,945.46,952.73,1878398
2017-08-22 00:00:00-04:00,956.1,967.93,955.52,966.77,1759190
2017-08-23 00:00:00-04:00,959.38,962,954.2,957.56,1579719
2017-08-24 00:00:00-04:00,957.42,959,941.14,952.52,3349983
2017-08-25 00:00:00-04:00,956,957.621,944.1,945,2092775
2017-08-28 00:00:00-04:00,946.54,953,942.25,945.999,1500476
2017-08-29 00:00:00-04:00,940,956,936.33,954.06,1734857
2017-08-30 00:00:00-04:00,958.44,969.41,956.9062,967.56,1721717
2017-08-31 00:00:00-04:00,974.7,981,972.76,980.66,1846384
2017-09-01 00:00:00-04:00,984.2,984.5,976.875,978.27,1445977
2017-09-05 00:00:00-04:00,975.4,976.7699,960.37,965.24,1812302
2017-09-06 00:00:00-04:00,968.32,971.84,960.6,967.95,1368442
2017-09-07 00:00:00-04:00,974,980.59,972.55,979.581,1614977
2017-09-08 00:00:00-04:00,979.1,979.88,963.47,965.8,1626018
2017-09-11 00:00:00-04:00,974.46,981.94,974.22,977.96,1310555
2017-09-12 00:00:00-04:00,983.27,984.6718,975.517,982.57,1634628
2017-09-13 00:00:00-04:00,982.5,1000,979.42,999.6,2161363
2017-09-14 00:00:00-04:00,996.8,998.56,987.74,992.2,2436115
2017-09-15 00:00:00-04:00,991.87,996.25,984.03,986.95,2333751
2017-09-18 00:00:00-04:00,990.4,992.7922,968.17,973.56,2195068
2017-09-19 00:00:00-04:00,977.25,978.24,967.46,969.19,1644709
2017-09-20 00:00:00-04:00,971.79,974.81,962.1626,973.1,1867937
2017-09-21 00:00:00-04:00,971.31,971.7,962.02,964.82,1452896
2017-09-22 00:00:00-04:00,961.01,965.61,954.42,954.63,1716221
2017-09-25 00:00:00-04:00,949.31,949.42,932.89,939.77,3240262
2017-09-26 00:00:00-04:00,945.49,948.63,931.75,938.59,2228906
2017-09-27 00:00:00-04:00,948,955.3,943.3,950.88,2037736
2017-09-28 00:00:00-04:00,951.11,959.7,950.101,956.4,1616773
2017-09-29 00:00:00-04:00,959.7,964.83,958.375,960.49,1494020
2017-10-02 00:00:00-04:00,964,967.305,952.1201,958.79,1609482
2017-10-03 00:00:00-04:00,958,963.69,950.37,957.06,1782776
2017-10-04 00:00:00-04:00,954.21,967.79,954.05,965.47,1635270
2017-10-05 00:00:00-04:00,970,981.51,969.64,981.14,2022845
2017-10-06 00:00:00-04:00,975.64,995.75,975.64,989.51,2658320
2017-10-09 00:00:00-04:00,993.24,998.5,987.5,990.99,2022729
2017-10-10 00:00:00-04:00,996.67,997.95,980.099,987.2,2192199
2017-10-11 00:00:00-04:00,991.27,995.5,986.695,995,1560726
2017-10-12 00:00:00-04:00,996.85,1008.44,992.4,1001.07,2802467
2017-10-13 00:00:00-04:00,1007,1007.77,1001.03,1003.44,1584992
2017-10-16 00:00:00-04:00,1008.8,1009.57,1001.04,1006.34,1357666
2017-10-17 00:00:00-04:00,1005.59,1011.47,1004.38,1008.99,1487100
2017-10-18 00:00:00-04:00,1009.27,1022.31,996.55,996.99,1714126
2017-10-19 00:00:00-04:00,990.33,991.05,980.24,986.6,1963364
2017-10-20 00:00:00-04:00,993.53,994.62,982,982.91,1406057
2017-10-23 00:00:00-04:00,986.73,986.775,962.5,966.34,2341953
2017-10-24 00:00:00-04:00,969,979.85,965,976,1744834
2017-10-25 00:00:00-04:00,978,984.44,966.24,972.91,2001000
2017-10-26 00:00:00-04:00,980.33,982.9,968.55,972.54,2373669
2017-10-27 00:00:00-04:00,1057.03,1105.58,1050.55,1100.99,11137045
2017-10-30 00:00:00-04:00,1095.42,1122.79,1093.56,1110.85,4459741
2017-10-31 00:00:00-04:00,1109,1110.54,1101.12,1105.67,2289196
2017-11-01 00:00:00-04:00,1105.4,1108.97,1096.74,1103.5,2493594
2017-11-02 00:00:00-04:00,1097.81,1101.94,1086.87,1094,2529218
2017-11-03 00:00:00-04:00,1090.7,1112.68,1088.52,1111.55,2480553
2017-11-06 00:00:00-05:00,1109.15,1125.41,1108.77,1120.46,2163474
2017-11-07 00:00:00-05:00,1124.74,1130.6,1117.5,1123.14,1781040
2017-11-08 00:00:00-05:00,1122.23,1135.54,1119.11,1132.86,1687417
2017-11-09 00:00:00-05:00,1127.41,1129.62,1115.77,1129,2301337
2017-11-10 00:00:00-05:00,1125.5,1131.75,1124.06,1125.34,1384133
2017-11-13 00:00:00-05:00,1123,1139.9,1122.34,1129.21,1977018
2017-11-14 00:00:00-05:00,1130.11,1138,1123.89,1136.84,2112409
2017-11-15 00:00:00-05:00,1127.01,1131.75,1121.63,1127.09,2684046
2017-11-16 00:00:00-05:00,1130.16,1138.16,1130.05,1136.95,1371136
2017-11-17 00:00:00-05:00,1138.26,1138.8,1125.81,1129.87,1488470
2017-11-20 00:00:00-05:00,1129.77,1133.42,1122.55,1126.56,1312262
2017-11-21 00:00:00-05:00,1132.59,1140,1128.2,1139.58,1519825
2017-11-22 00:00:00-05:00,1141,1160.27,1141,1156.16,2438232
2017-11-24 00:00:00-05:00,1160.7,1186.84,1160.7,1186.41,2303646
2017-11-27 00:00:00-05:00,1202.66,1213.41,1191.15,1195.62,4493368
2017-11-28 00:00:00-05:00,1204.6,1205.34,1188.52,1193.6,2980162
2017-11-29 00:00:00-05:00,1194.8,1194.8,1145.19,1161.21,6484713
2017-11-30 00:00:00-05:00,1167.1,1178.57,1160,1176.59,2669924
2017-12-01 00:00:00-05:00,1172.05,1179.65,1152,1161.83,2674294
2017-12-04 00:00:00-05:00,1173.85,1175.2,1128,1133.95,4091385
2017-12-05 00:00:00-05:00,1128.25,1159.27,1124.74,1141.58,2793610
2017-12-06 00:00:00-05:00,1138.58,1155.89,1136.08,1152.94,1827873
2017-12-07 00:00:00-05:00,1156.59,1163.19,1151,1160,1593509
2017-12-08 00:00:00-05:00,1170.4,1172.79,1157.1,1161.99,1901497
2017-12-11 00:00:00-05:00,1164.6,1169.9,1157,1169.15,1434643
2017-12-12 00:00:00-05:00,1166.51,1173.6,1161.61,1165.56,1418735
2017-12-13 00:00:00-05:00,1170,1170.87,1160.27,1164.48,1588655
2017-12-14 00:00:00-05:00,1163.71,1177.93,1162.45,1175.06,2069320
2017-12-15 00:00:00-05:00,1177.85,1182.75,1169.33,1178.98,2640567
2017-12-18 00:00:00-05:00,1187.37,1194.78,1180.91,1190.8,1774701
2017-12-19 00:00:00-05:00,1189.15,1192.97,1179.14,1187.43,1615743
2017-12-20 00:00:00-05:00,1190.8,1191,1176,1177.29,1396963
2017-12-21 00:00:00-05:00,1175.9,1179.17,1167.64,1174.87,1274624
2017-12-22 00:00:00-05:00,1172.08,1174.62,1167.83,1168.33,991630
2017-12-26 00:00:00-05:00,1168.94,1178.32,1160.55,1176.94,1310412
2017-12-27 00:00:00-05:00,1180.74,1187.29,1175.61,1181.81,1168757
2017-12-28 00:00:00-05:00,1189,1190.1,1184.38,1185.99,1170447
2017-12-29 00:00:00-05:00,1182.35,1184,1167.5,1169.54,1471584
2018-01-02 00:00:00-05:00,1172,1190,1170.51,1189,1615329
2018-01-03 00:00:00-05:00,1188.3,1205.49,1188.3,1202.74,1979510
2018-01-04 00:00:00-05:00,1207.52,1215.87,1204.66,1209.64,1918318
2018-01-05 00:00:00-05:00,1217.51,1229.14,1210,1229.07,2134446
2018-01-08 00:00:00-05:00,1236,1253.08,1232.03,1246.95,2621390
2018-01-09 00:00:00-05:00,1256.9,1259.33,1241.76,1253.12,2333547
2018-01-10 00:00:00-05:00,1245.15,1254.29,1237.23,1254.29,1713349
2018-01-11 00:00:00-05:00,1259.74,1276.77,1256.46,1276.77,2083299
2018-01-12 00:00:00-05:00,1274.96,1305.76,1273.39,1305.2,3514773
2018-01-16 00:00:00-05:00,1322.5,1339.94,1292.3,1305.16,4832848
2018-01-17 00:00:00-05:00,1312.24,1314,1280.88,1295,3480712
2018-01-18 00:00:00-05:00,1293.95,1304.6,1284.02,1293.22,2633180
2018-01-19 00:00:00-05:00,1309.79,1313,1292.99,1294.58,2811549
2018-01-22 00:00:00-05:00,1297.17,1327.45,1296.66,1327.45,2465047
2018-01-23 00:00:00-05:00,1337.28,1364.9,1337.28,1363.05,3025423
2018-01-24 00:00:00-05:00,1374.82,1388.16,1338,1357.51,4349398
2018-01-25 00:00:00-05:00,1368,1378.34,1357.62,1377.31,3087991
2018-01-26 00:00:00-05:00,1392.01,1402.53,1380.91,1401.19,2737778
2018-01-29 00:00:00-05:00,1409.18,1431.39,1400.44,1417.68,3468500
2018-01-30 00:00:00-05:00,1403.5,1439.25,1392,1438.19,3612579
2018-01-31 00:00:00-05:00,1451.3,1472.58,1450.04,1451.39,3921711
2018-02-01 00:00:00-05:00,1445,1459.88,1385.14,1388.71,4839431
2018-02-02 00:00:00-05:00,1477.36,1498,1414,1429.87,7078215
2018-02-05 00:00:00-05:00,1402.62,1458.98,1320.72,1390,7078423
2018-02-06 00:00:00-05:00,1361.46,1443.99,1351.79,1442.84,6700703
2018-02-07 00:00:00-05:00,1449,1460.99,1415.15,1415.15,4375563
2018-02-08 00:00:00-05:00,1429.68,1433.75,1349.94,1350.51,4962868
2018-02-09 00:00:00-05:00,1373.49,1383.5,1265.93,1339.34,8710179
2018-02-12 00:00:00-05:00,1364.84,1393.81,1344.01,1386.97,3814015
2018-02-13 00:00:00-05:00,1385.93,1419.72,1383.53,1413.66,3587646
2018-02-14 00:00:00-05:00,1406.25,1452.06,1403.36,1451.08,3552753
2018-02-15 00:00:00-05:00,1466.89,1468.94,1436.84,1461.76,3511847
2018-02-16 00:00:00-05:00,1457.73,1465.8,1446.56,1448.59,2737266
2018-02-20 00:00:00-05:00,1446.49,1488.77,1446.49,1468.36,4199728
2018-02-21 00:00:00-05:00,1485,1503.49,1478.92,1482.92,3940322
2018-02-22 00:00:00-05:00,1495.36,1502.54,1475.76,1484.59,2927702
2018-02-23 00:00:00-05:00,1495.34,1500,1486.5,1500,2690910
2018-02-26 00:00:00-05:00,1509.53,1522.84,1507,1521.95,3078221
2018-02-27 00:00:00-05:00,1524.5,1526.78,1507.21,1512,2975564
2018-02-28 00:00:00-05:00,1519.51,1528.7,1512,1512.45,2405255
2018-03-01 00:00:00-05:00,1513.6,1518.49,1465,1492,4199300
2018-03-02 00:00:00-05:00,1469.5,1501.05,1455.01,1500.21,4342869
2018-03-05 00:00:00-05:00,1494.24,1525,1481,1523.61,3246807
2018-03-06 00:00:00-05:00,1533.2,1542.13,1528,1537.18,2751784
2018-03-07 00:00:00-05:00,1527.14,1545.9,1522.51,1544.9,2365056
2018-03-08 00:00:00-05:00,1550,1554.88,1545.25,1551.67,2179979
2018-03-09 00:00:00-05:00,1563.5,1578.94,1559.08,1578.94,2697253
2018-03-12 00:00:00-04:00,1592.6,1605.33,1586.7,1598.5,3020013
2018-03-13 00:00:00-04:00,1615.96,1617.54,1578.01,1588.13,4065395
2018-03-14 00:00:00-04:00,1597,1606.44,1590.89,1591,2613321
2018-03-15 00:00:00-04:00,1595,1596.91,1578.11,1582.75,2606400
2018-03-16 00:00:00-04:00,1583.15,1589.44,1567.54,1571.69,2857100
2018-03-19 00:00:00-04:00,1554.53,1561.66,1525.35,1545.58,3884291
2018-03-20 00:00:00-04:00,1548.4,1587,1545.41,1586.52,2782441
2018-03-21 00:00:00-04:00,1586.45,1590,1563.17,1582.93,3029009
2018-03-22 00:00:00-04:00,1565.47,1573.85,1542.4,1544.92,3566700
2018-03-23 00:00:00-04:00,1539.01,1549.02,1495.36,1495.55,4669265
2018-03-26 00:00:00-04:00,1530,1556.99,1499.25,1555.87,3216498
2018-03-27 00:00:00-04:00,1572.15,1575.97,1482.32,1497.12,4066382
2018-03-28 00:00:00-04:00,1452,1455.9,1386.17,1429.19,8194083
2018-03-29 00:00:00-04:00,1407,1455.47,1365.2,1445.96,7667686
2018-04-02 00:00:00-04:00,1417.62,1421.36,1355,1371.92,6028133
2018-04-03 00:00:00-04:00,1390.61,1414,1355.33,1392.05,6426994
2018-04-04 00:00:00-04:00,1358.23,1415.39,1352.88,1410.58,4230642
2018-04-05 00:00:00-04:00,1442,1459.56,1427.07,1451.75,3739195
2018-04-06 00:00:00-04:00,1429.97,1452.5,1400.26,1405.21,3449309
2018-04-09 00:00:00-04:00,1425.03,1438.48,1402.57,1405.91,2418160
2018-04-10 00:00:00-04:00,1431.99,1438.38,1415.7,1436.26,2382932
2018-04-11 00:00:00-04:00,1439.44,1448.78,1424.89,1427.29,2057440
2018-04-12 00:00:00-04:00,1439.5,1452.12,1435.06,1448.48,1902684
2018-04-13 00:00:00-04:00,1449.14,1459.78,1424.52,1431.11,2128378
2018-04-16 00:00:00-04:00,1445,1447,1427.48,1440.63,1659342
2018-04-17 00:00:00-04:00,1462.05,1507.19,1457.02,1503.63,3181990
2018-04-18 00:00:00-04:00,1514.65,1533.8,1504.11,1527.85,3121119
2018-04-19 00:00:00-04:00,1543.19,1568.6,1539.06,1556.73,3739164
2018-04-20 00:00:00-04:00,1561.2,1561.2,1516.09,1527.5,3595146
2018-04-23 00:00:00-04:00,1546.69,1548,1503.41,1517.85,2789436
2018-04-24 00:00:00-04:00,1534.99,1539.5,1448.45,1460.61,4937616
2018-04-25 00:00:00-04:00,1458,1469.99,1415.02,1461.74,4135077
2018-04-26 00:00:00-04:00,1485.01,1529.42,1478.5,1519.28,3917941
2018-04-27 00:00:00-04:00,1634.01,1638.1,1517.96,1572.76,7693103
2018-04-30 00:00:00-04:00,1582.5,1596,1560.94,1566.13,3057792
2018-05-01 00:00:00-04:00,1563.22,1585,1552.18,1582.26,2740225
2018-05-02 00:00:00-04:00,1580.8,1588.5,1566.36,1570.53,2612708
2018-05-03 00:00:00-04:00,1560.01,1574.8,1546.02,1570.8,2502792
2018-05-04 00:00:00-04:00,1563,1584.9,1562.19,1580.99,2028511
2018-05-07 00:00:00-04:00,1589.34,1606.95,1587.83,1599.86,2292382
2018-05-08 00:00:00-04:00,1595,1596.88,1582.51,1592.39,1790219
2018-05-09 00:00:00-04:00,1600,1607,1592,1606.87,2115115
2018-05-10 00:00:00-04:00,1608.48,1615.6,1603.44,1609.42,1653857
2018-05-11 00:00:00-04:00,1610.99,1611.1,1597.89,1603.32,1222766
2018-05-14 00:00:00-04:00,1603.2,1611.18,1600.05,1602,1401201
2018-05-15 00:00:00-04:00,1587.8,1587.8,1565.22,1576.5,3010250
2018-05-16 00:00:00-04:00,1577.5,1594.43,1576.67,1587.75,1543344
2018-05-17 00:00:00-04:00,1580.44,1594.04,1573,1581.37,1269222
2018-05-18 00:00:00-04:00,1580.96,1583.59,1572.1,1574.5,1371161
2018-05-21 00:00:00-04:00,1585,1592.05,1575,1585.66,1534343
2018-05-22 00:00:00-04:00,1589.89,1589.89,1575.25,1581.39,1010797
2018-05-23 00:00:00-04:00,1571.05,1601.86,1566.34,1601.86,1782613
2018-05-24 00:00:00-04:00,1598.03,1608.24,1588.38,1603.48,1949555
2018-05-25 00:00:00-04:00,1603,1614.12,1600.45,1609.62,1410804
2018-05-29 00:00:00-04:00,1600.71,1621.79,1600.15,1612.88,2248254
2018-05-30 00:00:00-04:00,1617.01,1626,1612.93,1625.87,1721704
2018-05-31 00:00:00-04:00,1623,1635,1621.35,1630.14,1798032
2018-06-01 00:00:00-04:00,1637.03,1646.73,1635.09,1642.91,1920028
2018-06-04 00:00:00-04:00,1648,1665.68,1645.49,1665.4,1802433
2018-06-05 00:00:00-04:00,1672.99,1699,1670.06,1696.48,2793926
2018-06-06 00:00:00-04:00,1704.51,1714.5,1686.47,1697.78,3317487
2018-06-07 00:00:00-04:00,1698.56,1699.9,1676.11,1689.27,2237154
2018-06-08 00:00:00-04:00,1681.77,1689.44,1673.01,1682.52,1663830
2018-06-11 00:00:00-04:00,1681.51,1694.24,1680.59,1689.62,1336069
2018-06-12 00:00:00-04:00,1691,1699.51,1691,1698.73,1280021
2018-06-13 00:00:00-04:00,1702.81,1713.75,1700.12,1704.81,1956515
2018-06-14 00:00:00-04:00,1712.71,1724.8,1708.87,1723.75,1805126
2018-06-15 00:00:00-04:00,1714,1720.87,1708.52,1716.26,2480829
2018-06-18 00:00:00-04:00,1704.1,1726.74,1702.56,1724.83,1693892
2018-06-19 00:00:00-04:00,1709.04,1736.11,1700.39,1736.01,2278942
2018-06-20 00:00:00-04:00,1742.5,1762.93,1741.36,1750.07,2522375
2018-06-21 00:00:00-04:00,1759.45,1763.95,1717.56,1730.2,2933793
2018-06-22 00:00:00-04:00,1742.63,1743,1711.9,1715.06,2164388
2018-06-25 00:00:00-04:00,1702.25,1705,1646.31,1663.17,4160997
2018-06-26 00:00:00-04:00,1672.37,1701.57,1663.34,1691.19,2360197
2018-06-27 00:00:00-04:00,1708.11,1711.95,1660,1660,2563988
2018-06-28 00:00:00-04:00,1671.51,1705.5,1661.17,1701.5,2616338
2018-06-29 00:00:00-04:00,1717,1723.41,1694.32,1699.67,2474322
2018-07-02 00:00:00-04:00,1682.7,1713.89,1678.06,1713.75,1844773
2018-07-03 00:00:00-04:00,1723.96,1725,1692.48,1694.88,1224968
2018-07-05 00:00:00-04:00,1706.05,1710.69,1682.15,1699.56,1756136
2018-07-06 00:00:00-04:00,1698.01,1715.27,1691.67,1711.01,1379167
2018-07-09 00:00:00-04:00,1723.76,1739.56,1716.23,1739.03,1575436
2018-07-10 00:00:00-04:00,1738.28,1750,1731,1743.35,1701145
2018-07-11 00:00:00-04:00,1737.35,1756.96,1734,1755.53,1707927
2018-07-12 00:00:00-04:00,1764.95,1798,1762.18,1796.6,2695856
2018-07-13 00:00:00-04:00,1803.93,1815.3,1795.23,1813.2,2518905
2018-07-16 00:00:00-04:00,1822.08,1841.95,1814.45,1822.49,3262549
2018-07-17 00:00:00-04:00,1811.56,1851.69,1797.38,1844,3401698
2018-07-18 00:00:00-04:00,1848.01,1858.88,1831.27,1842.47,2801302
2018-07-19 00:00:00-04:00,1829.46,1841,1811.27,1813.68,2546481
2018-07-20 00:00:00-04:00,1824.25,1834.84,1810.06,1813.68,2139385
2018-07-23 00:00:00-04:00,1815,1819,1769.99,1802,2107001
2018-07-24 00:00:00-04:00,1830.73,1840,1809.38,1829.28,2324523
2018-07-25 00:00:00-04:00,1829.3,1863.84,1822.64,1863.8,3333152
2018-07-26 00:00:00-04:00,1839,1844.68,1804.5,1805.22,5681651
2018-07-27 00:00:00-04:00,1876.05,1880.05,1806.53,1817.99,8768534
2018-07-30 00:00:00-04:00,1827.33,1829.5,1766.02,1779.28,5352547
2018-07-31 00:00:00-04:00,1786.49,1801.83,1739.32,1777.41,5382278
2018-08-01 00:00:00-04:00,1784,1798.4365,1776.02,1797.05,3885543
2018-08-02 00:00:00-04:00,1788.77,1836.56,1786,1834.21,3880943
2018-08-03 00:00:00-04:00,1838.78,1841,1821.501,1822.93,2389567
2018-08-06 00:00:00-04:00,1825.81,1847.77,1818.92,1847.68,2480210
2018-08-07 00:00:00-04:00,1854.53,1869.72,1846.27,1862.7,2596829
2018-08-08 00:00:00-04:00,1861,1891.51,1854.5,1886.52,3631508
2018-08-09 00:00:00-04:00,1882.38,1914.57,1877.48,1898.13,3755811
2018-08-10 00:00:00-04:00,1888.51,1899.5,1878.2125,1886,2710068
2018-08-13 00:00:00-04:00,1898.5,1925,1893.67,1895.65,4399293
2018-08-14 00:00:00-04:00,1919.39,1921.01,1900,1919.86,3654984
2018-08-15 00:00:00-04:00,1909.55,1916.21,1869.79,1882.37,7188924
2018-08-16 00:00:00-04:00,1903.94,1905.0499,1883.5525,1887.47,3621475
2018-08-17 00:00:00-04:00,1885.8,1888,1855.55,1882.22,3201138
2018-08-20 00:00:00-04:00,1890.57,1891.7465,1866.061,1877.24,2722850
2018-08-21 00:00:00-04:00,1880,1897.75,1874.405,1883.64,2861300
2018-08-22 00:00:00-04:00,1876.64,1905.8,1876.64,1905.45,2945031
2018-08-23 00:00:00-04:00,1907.17,1919.5,1900.76,1902.8,2409406
2018-08-24 00:00:00-04:00,1910.51,1916.01,1902.54,1905.43,2488959
2018-08-27 00:00:00-04:00,1915,1927.7,1906.01,1927.62,3336319
2018-08-28 00:00:00-04:00,1937.73,1941.7771,1928.82,1933,2842250
2018-08-29 00:00:00-04:00,1953.45,1998.69,1948.94,1998.38,6159931
2018-08-30 00:00:00-04:00,1997.42,2025.57,1986.9,2002.22,7007660
2018-08-31 00:00:00-04:00,2005.01,2022.38,2004.74,2013.83,2830739
2018-09-04 00:00:00-04:00,2026.5,2050.5,2013,2039.58,4420050
2018-09-05 00:00:00-04:00,2038.11,2040.38,1989.89,1995,4249859
2018-09-06 00:00:00-04:00,2006.505,2007.5,1935.21,1958.365,5614278
2018-09-07 00:00:00-04:00,1938.71,1975.2,1937.35,1952.2,3472937
2018-09-10 00:00:00-04:00,1970.43,1973.04,1931.5157,1941.81,3100576
2018-09-11 00:00:00-04:00,1928.27,1988.88,1917,1987.61,2715087
2018-09-12 00:00:00-04:00,1994,2000,1962.44,1990.07,2985582
2018-09-13 00:00:00-04:00,2000,2008.76,1982.0277,1990,3280352
2018-09-14 00:00:00-04:00,1991.75,1993,1959.22,1970.19,3440333
2018-09-17 00:00:00-04:00,1952.865,1956.82,1887.41,1908.03,6821963
2018-09-18 00:00:00-04:00,1917.5,1958.2,1916.01,1941.59,3024558
2018-09-19 00:00:00-04:00,1940.5,1940.83,1904.9,1926.28,2180429
2018-09-20 00:00:00-04:00,1943.1663,1955,1932.25,1944.3,2921514
2018-09-21 00:00:00-04:00,1953.51,1957.31,1910.5011,1915.01,5370017
2018-09-24 00:00:00-04:00,1898.59,1936.88,1865,1934.35,3642637
2018-09-25 00:00:00-04:00,1942.9,1975.91,1938.85,1974.55,2766623
2018-09-26 00:00:00-04:00,1968.3,1995.25,1961.52,1974.85,3223351
2018-09-27 00:00:00-04:00,1989.6,2016.1564,1989.5,2012.98,4055435
2018-09-28 00:00:00-04:00,2009.6628,2026.52,1996.4648,2002.57,3243297
2018-10-01 00:00:00-04:00,2021,2033.19,2003.6,2004.36,2232245
2018-10-02 00:00:00-04:00,2000.6014,2013.39,1965.77,1970,4012791
2018-10-03 00:00:00-04:00,1981.69,1989.7,1949.81,1952.76,4713942
2018-10-04 00:00:00-04:00,1949,1956,1896.57,1910.32,5137287
2018-10-05 00:00:00-04:00,1917.99,1929.08,1862.83,1889.58,5545721
2018-10-08 00:00:00-04:00,1870.585,1901.9962,1830.6627,1864.42,7061322
2018-10-09 00:00:00-04:00,1861,1896.6759,1852.32,1870.32,4496453
2018-10-10 00:00:00-04:00,1855.5332,1857,1754.41,1755.25,10503319
2018-10-11 00:00:00-04:00,1725.01,1754,1685.1,1719.36,11936763
2018-10-12 00:00:00-04:00,1795.905,1806.26,1742.53,1788.61,6314157
2018-10-15 00:00:00-04:00,1793.4,1794.8438,1734.23,1760.95,5859434
2018-10-16 00:00:00-04:00,1783.5,1823.88,1761.55,1820.15,5481724
2018-10-17 00:00:00-04:00,1832.03,1837.9916,1807,1831.73,4860411
2018-10-18 00:00:00-04:00,1819.738,1830.15,1767.87,1770.72,5609484
2018-10-19 00:00:00-04:00,1785,1809.1,1753,1764.03,6486965
2018-10-22 00:00:00-04:00,1784,1809.4999,1756,1789.005,4236373
2018-10-23 00:00:00-04:00,1742.24,1776.34,1714,1768.25,4808949
2018-10-24 00:00:00-04:00,1773.7,1777.71,1656.56,1659.63,5002212
2018-10-25 00:00:00-04:00,1703.34,1794.81,1692.0101,1782,8085683
2018-10-26 00:00:00-04:00,1649.59,1698.46,1603,1638.28,11006965
2018-10-29 00:00:00-04:00,1659.795,1665.7383,1495,1538.6078,10690836
2018-10-30 00:00:00-04:00,1481.58,1540.99,1476.36,1530.42,9332567
2018-10-31 00:00:00-04:00,1569.11,1623.91,1565.09,1599.19,4602373
2018-11-01 00:00:00-04:00,1623.53,1670.4465,1598.44,1665.86,7682121
2018-11-02 00:00:00-04:00,1678.59,1697.44,1651.83,1665.58,6221611
2018-11-05 00:00:00-05:00,1657.57,1658.09,1596.36,1627.45,5231856
2018-11-06 00:00:00-05:00,1618.35,1665,1614.55,1642.86,4000487
2018-11-07 00:00:00-05:00,1673,1759.23,1664.075,1757.36,7606948
2018-11-08 00:00:00-05:00,1752.89,1784,1725.11,1754.95,3299391
2018-11-09 00:00:00-05:00,1735.12,1743.9207,1701.87,1712.03,2962981
2018-11-12 00:00:00-05:00,1699.67,1708.55,1630.01,1636.79,3229882
2018-11-13 00:00:00-05:00,1649.29,1677.0638,1613.75,1631.445,2901917
2018-11-14 00:00:00-05:00,1656.32,1672.9952,1597.07,1600.1,6052227
2018-11-15 00:00:00-05:00,1581.01,1624.82,1546.51,1620,7969198
2018-11-16 00:00:00-05:00,1587.5,1614.48,1573.12,1593.59,5789575
2018-11-19 00:00:00-05:00,1577.01,1581.19,1503.36,1512.7,7408605
2018-11-20 00:00:00-05:00,1437.5,1534.75,1420,1495.46,10400723
2018-11-21 00:00:00-05:00,1542.99,1550,1516.2,1516.4,5464027
2018-11-23 00:00:00-05:00,1517,1536.2,1501.81,1502.08,2508385
2018-11-26 00:00:00-05:00,1539,1584.81,1524.22,1581.33,5901415
2018-11-27 00:00:00-05:00,1575.99,1597.65,1558.01,1582,5417385
2018-11-28 00:00:00-05:00,1613.92,1681.45,1601.215,1677.46,7904444
2018-11-29 00:00:00-05:00,1674.99,1692.37,1652.331,1672.94,6312746
2018-11-30 00:00:00-05:00,1679.5,1696,1666.5,1691.55,5186801
2018-12-03 00:00:00-05:00,1769.46,1778.34,1730,1772.9,6403320
2018-12-04 00:00:00-05:00,1756,1770.3383,1665.404,1668.64,8090560
2018-12-06 00:00:00-05:00,1614.87,1700,1609.85,1700,8247065
2018-12-07 00:00:00-05:00,1705.07,1718.9261,1625.46,1629.11,7080944
2018-12-10 00:00:00-05:00,1623.84,1657.99,1590.87,1641.2,7179113
2018-12-11 00:00:00-05:00,1678,1679.4684,1619.6,1643.4,5802900
2018-12-12 00:00:00-05:00,1669,1704.99,1660.27,1663.13,6044555
2018-12-13 00:00:00-05:00,1680,1692.12,1641.5,1659.74,4979728
2018-12-14 00:00:00-05:00,1638,1642.57,1585,1591.92,5752043
2018-12-17 00:00:00-05:00,1566,1576.13,1505.01,1519.75,8117515
2018-12-18 00:00:00-05:00,1540,1567.55,1523.01,1551.11,6143530
2018-12-19 00:00:00-05:00,1543.05,1584.53,1483.18,1494.83,7903568
2018-12-20 00:00:00-05:00,1484,1509.5,1432.69,1460.83,9314198
2018-12-21 00:00:00-05:00,1464.99,1480,1363.96,1376.73,12453718
2018-12-24 00:00:00-05:00,1346,1396.03,1307,1342.91,6958691
2018-12-26 00:00:00-05:00,1368.89,1473.1567,1363.01,1470.81,9884789
2018-12-27 00:00:00-05:00,1454.2,1469,1390.31,1462,9157443
2018-12-28 00:00:00-05:00,1473.35,1513.47,1449,1475.18,8215424
2018-12-31 00:00:00-05:00,1510.8,1520.76,1487,1492.38,6215958
2019-01-02 00:00:00-05:00,1465.2,1553.36,1460.93,1536.73,7132821
2019-01-03 00:00:00-05:00,1520.01,1538,1498.1062,1502.07,6340704
2019-01-04 00:00:00-05:00,1530,1594,1518.31,1574.54,8285596
2019-01-07 00:00:00-05:00,1602.31,1634.56,1589.185,1631.12,7252880
2019-01-08 00:00:00-05:00,1664.69,1676.61,1616.61,1655.835,8184304
2019-01-09 00:00:00-05:00,1652.98,1667.799,1641.3953,1657.59,5718583
2019-01-10 00:00:00-05:00,1643.07,1663.25,1621.615,1655.5,6024209
2019-01-11 00:00:00-05:00,1640.55,1660.294,1636.22,1639.66,4171157
2019-01-14 00:00:00-05:00,1615,1648.2,1595.15,1619.8767,5255053
2019-01-15 00:00:00-05:00,1632,1672.97,1626.01,1672.75,5504935
2019-01-16 00:00:00-05:00,1684.22,1705,1675.8787,1681.9703,5690955
2019-01-17 00:00:00-05:00,1681.46,1700.17,1677.5,1691.37,3801991
2019-01-18 00:00:00-05:00,1712,1716.2,1691.54,1693.2421,5590622
2019-01-22 00:00:00-05:00,1681,1681.8668,1610.2,1628.398,5768384
2019-01-23 00:00:00-05:00,1655.99,1657.43,1612,1636.55,4758701
2019-01-24 00:00:00-05:00,1641.07,1657.2572,1631.7847,1654.97,3419975
2019-01-25 00:00:00-05:00,1670,1683.48,1661.6122,1668.6,4248850
2019-01-28 00:00:00-05:00,1644.62,1645,1614.09,1636.185,4294355
2019-01-29 00:00:00-05:00,1631.27,1632.38,1590.72,1592.73,4087240
2019-01-30 00:00:00-05:00,1622.09,1676.95,1619.68,1670.2312,4779035
2019-01-31 00:00:00-05:00,1691.87,1736.411,1679.0822,1720.41,7804004
2019-02-01 00:00:00-05:00,1637.8,1673.06,1622.01,1623.8,10364406
2019-02-04 00:00:00-05:00,1623,1649.63,1613.5,1630.5,4434619
2019-02-05 00:00:00-05:00,1643.34,1665.26,1642.5,1656.87,3853990
2019-02-06 00:00:00-05:00,1670.75,1672.26,1633.34,1639.42,3639233
2019-02-07 00:00:00-05:00,1625.02,1625.539,1592.91,1611.6058,4065241
2019-02-08 00:00:00-05:00,1586,1588.59,1566.756,1585.7397,5163140
2019-02-11 00:00:00-05:00,1600.78,1609.29,1586,1591.8,2993984
2019-02-12 00:00:00-05:00,1603.99,1638.97,1598.88,1637.89,4397459
2019-02-13 00:00:00-05:00,1647,1656.38,1637.1063,1640.3726,3144253
2019-02-14 00:00:00-05:00,1624.5,1637.9,1606.061,1623.8774,3678810
2019-02-15 00:00:00-05:00,1627.86,1628.9099,1604.5,1607.5299,3972633
2019-02-19 00:00:00-05:00,1601,1634,1600.56,1627.4731,3363526
2019-02-20 00:00:00-05:00,1630,1634.93,1610.12,1622.62,3099413
2019-02-21 00:00:00-05:00,1619.85,1623.56,1600.91,1619.9,3294305
2019-02-22 00:00:00-05:00,1623.5,1634.94,1621.17,1631.19,2590256
2019-02-25 00:00:00-05:00,1641.45,1654.6,1630.3873,1633,2858663
2019-02-26 00:00:00-05:00,1625.98,1639.99,1616.1335,1636.33,2387059
2019-02-27 00:00:00-05:00,1628.18,1641.81,1615.1,1641.09,2855043
2019-02-28 00:00:00-05:00,1635.25,1651.77,1633.83,1639.79,2439847
2019-03-01 00:00:00-05:00,1653.74,1674.26,1651,1671.26,4274122
2019-03-04 00:00:00-05:00,1685,1709.43,1674.36,1696.16,5635905
2019-03-05 00:00:00-05:00,1702.95,1707.8,1689.01,1691.81,3441803
2019-03-06 00:00:00-05:00,1695.97,1697.75,1668.28,1669.16,3715728
2019-03-07 00:00:00-05:00,1667.06,1669.7534,1620.51,1626.28,4213562
2019-03-08 00:00:00-05:00,1604.01,1622.72,1586.57,1622.11,4139096
2019-03-11 00:00:00-04:00,1626.95,1672.285,1626.01,1670.32,3476811
2019-03-12 00:00:00-04:00,1669,1684.265,1660.98,1672.42,3094709
2019-03-13 00:00:00-04:00,1683,1700,1679.35,1690.8,3263391
2019-03-14 00:00:00-04:00,1691.2,1702,1684.34,1685.29,2583867
2019-03-15 00:00:00-04:00,1700.22,1718.8,1693.13,1712.91,4133684
2019-03-18 00:00:00-04:00,1712.39,1750,1712.39,1742,4804401
2019-03-19 00:00:00-04:00,1754.13,1784.16,1753.51,1762.7,5692348
2019-03-20 00:00:00-04:00,1769.94,1799.01,1767.0338,1797.73,5635029
2019-03-21 00:00:00-04:00,1796.26,1823.75,1787.281,1818.4,5081857
2019-03-22 00:00:00-04:00,1810.17,1818.98,1763.11,1764.06,5841108
2019-03-25 00:00:00-04:00,1757.79,1782.675,1747.5,1774.07,4735693
2019-03-26 00:00:00-04:00,1792.85,1805.77,1773.3597,1784.47,4486129
2019-03-27 00:00:00-04:00,1784.13,1787.5,1745.68,1766,3998643
2019-03-28 00:00:00-04:00,1770,1777.93,1753.47,1773.67,2819446
2019-03-29 00:00:00-04:00,1786.58,1792.86,1776.63,1781.09,2744465
2019-04-01 00:00:00-04:00,1800.11,1815.67,1798.73,1814.36,2005504
2019-04-02 00:00:00-04:00,1811.93,1820,1805.121,1814,3098296
2019-04-03 00:00:00-04:00,1826.72,1830,1809.62,1820.41,3637589
2019-04-04 00:00:00-04:00,1820.65,1828.75,1804.2,1819.51,3318144
2019-04-05 00:00:00-04:00,1829,1838.58,1825.19,1837.65,3186217
2019-04-08 00:00:00-04:00,1833.23,1850.2,1825.11,1849.679,3432186
2019-04-09 00:00:00-04:00,1845.49,1853.09,1831.78,1836.52,3300977
2019-04-10 00:00:00-04:00,1841,1848,1828.81,1847.33,2766747
2019-04-11 00:00:00-04:00,1848.7,1849.95,1840.31,1844.5,2412329
2019-04-12 00:00:00-04:00,1848.4,1851.5,1841.3,1842.96,2598729
2019-04-15 00:00:00-04:00,1842,1846.85,1818.9,1844.85,3271660
2019-04-16 00:00:00-04:00,1851.31,1869.77,1848,1862.92,2788392
2019-04-17 00:00:00-04:00,1872.5,1876.473,1860.44,1864.82,2588487
2019-04-18 00:00:00-04:00,1866.2,1870.82,1859.48,1861.4,2613709
2019-04-22 00:00:00-04:00,1855.4,1888.42,1845.64,1888.04,3196934
2019-04-23 00:00:00-04:00,1891.2,1929.26,1889.58,1924.17,4123487
2019-04-24 00:00:00-04:00,1925.1,1929.69,1898.16,1900.88,3044542
2019-04-25 00:00:00-04:00,1917.0035,1922.45,1900.31,1902.16,4154636
2019-04-26 00:00:00-04:00,1928.69,1951,1898,1950.9,7614548
2019-04-29 00:00:00-04:00,1949,1956.335,1934.09,1939,3542692
2019-04-30 00:00:00-04:00,1930.12,1935.71,1906.95,1926.53,3106108
2019-05-01 00:00:00-04:00,1933.09,1943.64,1910.55,1911.29,2814558
2019-05-02 00:00:00-04:00,1913.33,1921.55,1881.87,1901.72,3641665
2019-05-03 00:00:00-04:00,1949,1964.4,1936,1961.76,5687567
2019-05-06 00:00:00-04:00,1917.98,1959,1910.5,1950.29,4911645
2019-05-07 00:00:00-04:00,1939.99,1949.1005,1903.3795,1922.58,5451477
2019-05-08 00:00:00-04:00,1918.87,1935.37,1910,1916.85,3650183
2019-05-09 00:00:00-04:00,1900.98,1909.4,1876,1900.01,4928658
2019-05-10 00:00:00-04:00,1898,1903.79,1856,1889.98,5355441
2019-05-13 00:00:00-04:00,1837.11,1846.535,1818,1822.62,5312153
2019-05-14 00:00:00-04:00,1839.9,1852.44,1815.75,1840.05,4179780
2019-05-15 00:00:00-04:00,1827.95,1874.427,1823,1871.12,4294255
2019-05-16 00:00:00-04:00,1885.9,1917.51,1882.29,1907.86,4317968
2019-05-17 00:00:00-04:00,1893.05,1910.53,1867.33,1867.99,4384715
2019-05-20 00:00:00-04:00,1852.69,1867.78,1835.54,1858.04,3483969
2019-05-21 00:00:00-04:00,1874.79,1879,1846,1858.11,3603729
2019-05-22 00:00:00-04:00,1851.22,1871.485,1851,1859.425,2647140
2019-05-23 00:00:00-04:00,1837,1844,1804.2,1815.67,4041503
2019-05-24 00:00:00-04:00,1835.89,1841.76,1817.851,1823.3,3096132
2019-05-28 00:00:00-04:00,1832.35,1849.2668,1827.35,1836.56,2861458
2019-05-29 00:00:00-04:00,1823.18,1830,1807.5327,1820.2,3730772
2019-05-30 00:00:00-04:00,1824.31,1829.47,1807.825,1815.81,2934611
2019-05-31 00:00:00-04:00,1790.01,1795.585,1772.7034,1775.07,3916862
2019-06-03 00:00:00-04:00,1760.01,1766.29,1672,1692.76,8372675
2019-06-04 00:00:00-04:00,1699.24,1730.82,1680.89,1730.18,5141474
2019-06-05 00:00:00-04:00,1749.6,1752,1715.2513,1739.48,3781000
2019-06-06 00:00:00-04:00,1737.71,1759.99,1726.13,1754.6292,3355072
2019-06-07 00:00:00-04:00,1762.4,1806.2538,1759.49,1804.02,4065603
2019-06-10 00:00:00-04:00,1822,1884.87,1818,1860.63,4968998
2019-06-11 00:00:00-04:00,1883.25,1893.7,1858,1863.7,3629018
2019-06-12 00:00:00-04:00,1853.98,1865,1844.38,1855.3,2450925
2019-06-13 00:00:00-04:00,1866.72,1883.09,1862.22,1870.748,4993238
2019-06-14 00:00:00-04:00,1864.92,1876,1859,1870.17,4923087
2019-06-17 00:00:00-04:00,1876.5,1895.688,1875.45,1886,2397289
2019-06-18 00:00:00-04:00,1901.35,1921.67,1899.79,1902.15,3523736
2019-06-19 00:00:00-04:00,1907.84,1919.5807,1892.6223,1909.03,2565954
2019-06-20 00:00:00-04:00,1933.33,1935.2,1905.8,1917.95,2858789
2019-06-21 00:00:00-04:00,1912.5,1925.95,1907.58,1911.1,3243263
2019-06-24 00:00:00-04:00,1912.66,1916.86,1901.3,1913.96,1931200
2019-06-25 00:00:00-04:00,1911.84,1916.385,1872.42,1878.64,2712393
2019-06-26 00:00:00-04:00,1892.91,1903.8,1887.32,1897.75,2011515
2019-06-27 00:00:00-04:00,1902,1911.24,1898.04,1903.67,1923521
2019-06-28 00:00:00-04:00,1912.8,1912.8,1884,1889.83,2263386
2019-07-01 00:00:00-04:00,1922.98,1929.82,1914.66,1922.26,2917672
2019-07-02 00:00:00-04:00,1919.38,1934.79,1906.63,1934.79,2407604
2019-07-03 00:00:00-04:00,1935.89,1941.59,1930.5,1939,1475704
2019-07-05 00:00:00-04:00,1928.6,1945.9,1925.3,1943.1,2418081
2019-07-08 00:00:00-04:00,1934.12,1956,1928.2532,1952.33,2593566
2019-07-09 00:00:00-04:00,1947.88,1990.01,1943.475,1987.35,3966987
2019-07-10 00:00:00-04:00,1996.51,2024.94,1995.4,2017.77,4445939
2019-07-11 00:00:00-04:00,2025.62,2035.8,1995.3,2001.07,3957307
2019-07-12 00:00:00-04:00,2008.27,2017,2003.87,2010.02,2199931
2019-07-15 00:00:00-04:00,2021.4,2022.9,2001.55,2021,2598695
2019-07-16 00:00:00-04:00,2010.58,2026.3196,2001.22,2010,2356968
2019-07-17 00:00:00-04:00,2007.05,2012,1992.12,1992.16,2257978
2019-07-18 00:00:00-04:00,1980.01,1987.5,1951.55,1978.67,3163219
2019-07-19 00:00:00-04:00,1991.02,1996,1962.2255,1965,2898302
2019-07-22 00:00:00-04:00,1971.14,1989,1958.26,1985.92,2574102
2019-07-23 00:00:00-04:00,1995.99,1997.79,1973.13,1994.47,2309402
2019-07-24 00:00:00-04:00,1969.3,2001.2,1965.87,2001.04,2306251
2019-07-25 00:00:00-04:00,2001,2001.2,1972.72,1975.02,2871851
2019-07-26 00:00:00-04:00,1942,1950.895,1924.51,1943.05,4535583
2019-07-29 00:00:00-04:00,1930,1932.226,1890.54,1912.87,4140433
2019-07-30 00:00:00-04:00,1891.98,1909.89,1883.48,1899.22,2709016
2019-07-31 00:00:00-04:00,1898.11,1899.55,1849.44,1866.39,4056598
2019-08-01 00:00:00-04:00,1872.35,1897.92,1844.01,1855.33,4444048
2019-08-02 00:00:00-04:00,1845.07,1846.3634,1808.02,1823.52,3812376
2019-08-05 00:00:00-04:00,1771.26,1788.6678,1748.78,1765.13,5334410
2019-08-06 00:00:00-04:00,1791,1793.77,1753.4,1787.44,4598728
2019-08-07 00:00:00-04:00,1773.99,1798.93,1757,1793.39,4044619
2019-08-08 00:00:00-04:00,1806,1834.26,1798.11,1834.26,3268663
2019-08-09 00:00:00-04:00,1826,1831.091,1802.22,1807.88,2495170
2019-08-12 00:00:00-04:00,1795.99,1800.98,1777,1784.75,2510579
2019-08-13 00:00:00-04:00,1781.04,1831.7429,1780,1824.29,3656625
2019-08-14 00:00:00-04:00,1793.01,1795.6514,1757.215,1762.96,4353369
2019-08-15 00:00:00-04:00,1781.99,1788,1761.96,1775.41,3427389
2019-08-16 00:00:00-04:00,1792.89,1802.9082,1784.5496,1791.8,2767735
2019-08-19 00:00:00-04:00,1818.08,1826,1812.61,1816.83,2483931
2019-08-20 00:00:00-04:00,1814.5,1816.82,1799.88,1801.35,1677671
2019-08-21 00:00:00-04:00,1819.39,1829.5785,1815,1823.38,1852417
2019-08-22 00:00:00-04:00,1827.35,1829.4111,1800.1,1804.25,2284144
2019-08-23 00:00:00-04:00,1793.03,1804.8962,1745.23,1750.77,4622453
2019-08-26 00:00:00-04:00,1767.5,1770,1743.51,1770,2669759
2019-08-27 00:00:00-04:00,1775.73,1779.4,1746.68,1761.92,2491245
2019-08-28 00:00:00-04:00,1755,1767.86,1744.0505,1764,2220361
2019-08-29 00:00:00-04:00,1783,1798.55,1777.25,1786.46,2683039
2019-08-30 00:00:00-04:00,1797.49,1799.74,1764.57,1776.19,2577738
2019-09-03 00:00:00-04:00,1770,1800.8,1768,1789.51,3164026
2019-09-04 00:00:00-04:00,1805,1807.6309,1796.23,1800.46,2144301
2019-09-05 00:00:00-04:00,1821.84,1842,1815.575,1840.73,2970700
2019-09-06 00:00:00-04:00,1838.22,1840.65,1826.4,1833.51,2157266
2019-09-09 00:00:00-04:00,1841,1850,1824.61,1831.29,2632165
2019-09-10 00:00:00-04:00,1822.75,1825.81,1805.3356,1821.31,2202645
2019-09-11 00:00:00-04:00,1811.97,1833.42,1809.08,1822.49,2005996
2019-09-12 00:00:00-04:00,1838.1,1853.66,1834.28,1843,2521448
2019-09-13 00:00:00-04:00,1842.01,1846.1215,1835.17,1839.34,1645917
2019-09-16 00:00:00-04:00,1824.02,1825.6941,1800.2,1808.23,3214425
2019-09-17 00:00:00-04:00,1807.2,1823.99,1804.1,1822.62,1767317
2019-09-18 00:00:00-04:00,1818.13,1822.06,1795.5,1817.59,2250447
2019-09-19 00:00:00-04:00,1821.06,1832.57,1817.9,1821.54,1793657
2019-09-20 00:00:00-04:00,1821.71,1830.63,1780.92,1794.89,4714413
2019-09-23 00:00:00-04:00,1777,1792.7,1767.32,1784.29,2557364
2019-09-24 00:00:00-04:00,1790.605,1795.705,1735.545,1742.34,4199402
2019-09-25 00:00:00-04:00,1747.36,1773,1723,1768.08,3087299
2019-09-26 00:00:00-04:00,1762.79,1763.37,1731.5,1740.12,3136278
2019-09-27 00:00:00-04:00,1747.8,1749.12,1713.82,1725.85,3613379
2019-09-30 00:00:00-04:00,1726.99,1737.46,1709.22,1736.12,2300015
2019-10-01 00:00:00-04:00,1746,1755.6,1728.41,1736.11,2721128
2019-10-02 00:00:00-04:00,1727.74,1728.89,1705,1713.23,2954213
2019-10-03 00:00:00-04:00,1713,1725,1685.06,1724.25,3105457
2019-10-04 00:00:00-04:00,1726.06,1740.575,1719.23,1739.4,4348820
2019-10-07 00:00:00-04:00,1731.63,1747.83,1723.7,1732.5,3700680
2019-10-08 00:00:00-04:00,1722.49,1727,1705,1705.25,4559696
2019-10-09 00:00:00-04:00,1719.61,1729.95,1714.36,1721.79,3594275
2019-10-10 00:00:00-04:00,1725,1738.29,1713.75,1720.56,4724970
2019-10-11 00:00:00-04:00,1742.92,1745.45,1729.86,1729.98,5936898
2019-10-14 00:00:00-04:00,1728.69,1741.8887,1722,1736.5,3293125
2019-10-15 00:00:00-04:00,1742.14,1776.45,1740.62,1767.35,5739023
2019-10-16 00:00:00-04:00,1772,1786.24,1770.521,1777.42,4891217
2019-10-17 00:00:00-04:00,1796,1798.85,1782.02,1787.47,4695257
2019-10-18 00:00:00-04:00,1787.8,1793.98,1749.2001,1757.79,6127556
2019-10-21 00:00:00-04:00,1768.63,1785.88,1765,1785.835,1771449
2019-10-22 00:00:00-04:00,1788.15,1789.7799,1762,1765.34,1925469
2019-10-23 00:00:00-04:00,1761.3,1770.05,1742,1761.99,1920970
2019-10-24 00:00:00-04:00,1771.09,1788.3379,1760.27,1781.5935,2931765
2019-10-25 00:00:00-04:00,1697.55,1764.21,1695,1762,8773821
2019-10-28 00:00:00-04:00,1750.7,1778.7,1742.5,1777.04,3399815
2019-10-29 00:00:00-04:00,1775,1777,1755.81,1763.04,2063458
2019-10-30 00:00:00-04:00,1760.24,1782.38,1759.115,1780,2194972
2019-10-31 00:00:00-04:00,1775.99,1792,1771.4753,1777.1431,2375710
2019-11-01 00:00:00-04:00,1788.01,1797.445,1785.279,1791.47,2375327
2019-11-04 00:00:00-05:00,1801.5,1815.06,1801.01,1805.27,2513437
2019-11-05 00:00:00-05:00,1809.16,1810.25,1794,1801.7,1650756
2019-11-06 00:00:00-05:00,1801,1802.5,1788.58,1795.94,1790400
2019-11-07 00:00:00-05:00,1803.76,1805.9,1783.48,1788.2,2365870
2019-11-08 00:00:00-05:00,1787.89,1789.88,1774.04,1785.88,1930135
2019-11-11 00:00:00-05:00,1778.1,1780,1767.13,1771.9,1776035
2019-11-12 00:00:00-05:00,1774.66,1786.22,1771.91,1778.23,1830806
2019-11-13 00:00:00-05:00,1773.39,1775,1747.3217,1753.4,2777022
2019-11-14 00:00:00-05:00,1750.27,1766.5931,1749.56,1754.65,2017087
2019-11-15 00:00:00-05:00,1760.05,1761.68,1732.86,1739.08,3623321
2019-11-18 00:00:00-05:00,1738.3,1753.7,1722.71,1752.86,2585138
2019-11-19 00:00:00-05:00,1756.99,1760.68,1743.03,1753.16,1854190
2019-11-20 00:00:00-05:00,1749.14,1762.524,1734.12,1746.6335,2321723
2019-11-21 00:00:00-05:00,1743,1746.87,1730.36,1735,2377252
2019-11-22 00:00:00-05:00,1739,1746.43,1731,1745.85,2165005
2019-11-25 00:00:00-05:00,1753.25,1777.42,1753.24,1773.69,2906729
2019-11-26 00:00:00-05:00,1779.92,1797.03,1778.35,1796.99,2708603
2019-11-27 00:00:00-05:00,1801,1824.5,1797.31,1818.23,2769246
2019-11-29 00:00:00-05:00,1817.78,1823.98,1800.79,1800.96,1594416
2019-12-02 00:00:00-05:00,1804,1805.55,1762.68,1781.61,3420336
2019-12-03 00:00:00-05:00,1761.13,1772.87,1747.23,1770.33,3215969
2019-12-04 00:00:00-05:00,1774.01,1789.0894,1760.2201,1760.48,2387073
2019-12-05 00:00:00-05:00,1763.5,1763.5,1740,1740.48,2472575
2019-12-06 00:00:00-05:00,1752.33,1754.4,1740.13,1751.59,2739956
2019-12-09 00:00:00-05:00,1750.66,1766.8918,1745.61,1749.42,2123839
2019-12-10 00:00:00-05:00,1747.4,1750.67,1735,1739.49,2186409
2019-12-11 00:00:00-05:00,1741.67,1750,1735.7102,1748.9,1716841
2019-12-12 00:00:00-05:00,1750.7,1764,1745.44,1760.18,2695799
2019-12-13 00:00:00-05:00,1765,1768.99,1755,1760.93,2377943
2019-12-16 00:00:00-05:00,1767,1769.5,1757.05,1769.21,2730112
2019-12-17 00:00:00-05:00,1778.01,1792,1777.39,1790.66,3202975
2019-12-18 00:00:00-05:00,1795.45,1797.86,1782.36,1782.36,2834170
2019-12-19 00:00:00-05:00,1780.5,1792.99,1774.06,1792.29,1947166
2019-12-20 00:00:00-05:00,1799.64,1802.97,1782.45,1786.57,3782377
2019-12-23 00:00:00-05:00,1788.26,1793,1784.51,1793,1759437
2019-12-24 00:00:00-05:00,1793.81,1795.57,1787.575,1789.63,800738
2019-12-26 00:00:00-05:00,1801.2,1870.46,1799.5,1869.02,6125518
2019-12-27 00:00:00-05:00,1882.92,1901.4,1866.01,1869.26,5755838
2019-12-30 00:00:00-05:00,1874,1884,1840.62,1847.18,3444132
2019-12-31 00:00:00-05:00,1841.99,1853.26,1832.23,1847.64,2138549
2020-01-02 00:00:00-05:00,1874.79,1898,1864.15,1897.71,3583611
2020-01-03 00:00:00-05:00,1864.5,1886.1965,1864.5,1874.93,3293469
2020-01-06 00:00:00-05:00,1860,1903.69,1860,1903.33,3598872
2020-01-07 00:00:00-05:00,1904.5,1913.89,1892.0433,1906.86,3569706
2020-01-08 00:00:00-05:00,1898.68,1910.9999,1886.4448,1892.09,3100021
2020-01-09 00:00:00-05:00,1909.89,1917.82,1895.8038,1901,2913887
2020-01-10 00:00:00-05:00,1905.37,1906.94,1880,1882.98,2652859
2020-01-13 00:00:00-05:00,1891.31,1898,1880.8,1891.41,2515868
2020-01-14 00:00:00-05:00,1885.96,1887.11,1858.55,1869.2,3123178
2020-01-15 00:00:00-05:00,1872.13,1878.86,1855.09,1862.01,2658380
2020-01-16 00:00:00-05:00,1882.99,1885.59,1866.02,1877.95,2419044
2020-01-17 00:00:00-05:00,1885.89,1886.64,1857.25,1864.71,3437411
2020-01-21 00:00:00-05:00,1865,1894.27,1860,1892.55,5977747
2020-01-22 00:00:00-05:00,1896.09,1902.5,1883.34,1887.46,5797891
2020-01-23 00:00:00-05:00,1885.11,1889.975,1872.76,1884.58,4048982
2020-01-24 00:00:00-05:00,1890.28,1894.99,1847.44,1861.64,6851714
2020-01-27 00:00:00-05:00,1820.5,1841,1815.34,1828.89,3002750
2020-01-28 00:00:00-05:00,1840.5,1858.11,1830.02,1853.33,2356589
2020-01-29 00:00:00-05:00,1864,1874.75,1855.02,1858,1820096
2020-01-30 00:00:00-05:00,1858,1872.87,1850.61,1870.8896,3255311
2020-01-31 00:00:00-05:00,2051.47,2055.72,2002.27,2007.75,14449332
2020-02-03 00:00:00-05:00,2010.6,2048.5,2000.25,2003.25,5527745
2020-02-04 00:00:00-05:00,2029.81,2059.8,2015.37,2049.78,4958935
2020-02-05 00:00:00-05:00,2071.02,2071.02,2032,2039.62,3950987
2020-02-06 00:00:00-05:00,2041.02,2056.3,2024.8,2050.37,2827062
2020-02-07 00:00:00-05:00,2041.99,2098.53,2038.1,2079.21,4794674
2020-02-10 00:00:00-05:00,2085.01,2135.6,2084.96,2134.55,4671496
2020-02-11 00:00:00-05:00,2150.9,2185.95,2136,2152.27,5584290
2020-02-12 00:00:00-05:00,2163.95,2180.2495,2155.29,2161.34,3101082
2020-02-13 00:00:00-05:00,2146,2170.28,2142,2151.12,2688038
2020-02-14 00:00:00-05:00,2155.68,2159.0352,2125.89,2135.48,2362540
2020-02-18 00:00:00-05:00,2127.98,2166.07,2124.105,2155.67,2674865
2020-02-19 00:00:00-05:00,2167.8,2185.1,2161.12,2170.21,2261147
2020-02-20 00:00:00-05:00,2172.67,2176.79,2127.45,2153.59,2908965
2020-02-21 00:00:00-05:00,2141,2144.55,2088,2095.97,4363040
2020-02-24 00:00:00-05:00,2003.18,2039.295,1987.9742,2008.74,6047539
2020-02-25 00:00:00-05:00,2026.42,2034.6,1958.42,1970.65,5858950
2020-02-26 00:00:00-05:00,1970.01,2014.67,1960.45,1979.61,4906059
2020-02-27 00:00:00-05:00,1934.38,1975,1882.7621,1882.88,7600123
2020-02-28 00:00:00-05:00,1814.63,1889.76,1811.129,1889.18,8494919
2020-03-02 00:00:00-05:00,1905.26,1954.51,1870,1954,6115818
2020-03-03 00:00:00-05:00,1973,1996.33,1888.0901,1908.88,6986980
2020-03-04 00:00:00-05:00,1946.57,1978,1922,1976.46,4261291
2020-03-05 00:00:00-05:00,1933,1960.72,1910,1924.03,4275800
2020-03-06 00:00:00-05:00,1875,1910.87,1869.5,1901.14,4771029
2020-03-09 00:00:00-04:00,1768.6001,1862.77,1761.29,1800.01,13436736
2020-03-10 00:00:00-04:00,1870,1894.27,1818.17,1894,6442309
2020-03-11 00:00:00-04:00,1857.85,1871.3195,1801.5,1819.63,5114340
2020-03-12 00:00:00-04:00,1721.98,1765,1675,1676.21,10301824
2020-03-13 00:00:00-04:00,1755,1786.31,1680.62,1786.31,7834519
2020-03-16 00:00:00-04:00,1642,1759.4519,1626.0319,1688,8030027
2020-03-17 00:00:00-04:00,1776,1857.775,1689.2402,1807.38,20134204
2020-03-18 00:00:00-04:00,1750,1841.66,1745,1832.39,7949578
2020-03-19 00:00:00-04:00,1858.33,1945,1832.65,1880.5,9312968
2020-03-20 00:00:00-04:00,1925,1957,1820.73,1846.09,9098838
2020-03-23 00:00:00-04:00,1827.75,1919.4,1812,1902.54,7171193
2020-03-24 00:00:00-04:00,1951.31,1955,1900.3403,1940,6411717
2020-03-25 00:00:00-04:00,1920.69,1950.26,1885.78,1885.78,5985263
2020-03-26 00:00:00-04:00,1902,1956.49,1889.29,1955.225,5377163
2020-03-27 00:00:00-04:00,1931,1939.79,1899.92,1899.92,4672178
2020-03-30 00:00:00-04:00,1922.48,1973.63,1912.34,1964.78,5244822
2020-03-31 00:00:00-04:00,1964.35,1993.02,1944.01,1949.79,4471543
2020-04-01 00:00:00-04:00,1933,1944.96,1893,1906.58,3729348
2020-04-02 00:00:00-04:00,1901.64,1927.5258,1890,1918.83,8042698
2020-04-03 00:00:00-04:00,1911.15,1926.33,1889.15,1906.6,3159348
2020-04-06 00:00:00-04:00,1936,1998.52,1930.02,1998.49,5120376
2020-04-07 00:00:00-04:00,2017.26,2035.72,1997.62,2011.6,4710631
2020-04-08 00:00:00-04:00,2021,2044,2011.15,2042.9,3693156
2020-04-09 00:00:00-04:00,2046,2053,2017.66,2042.82,4188295
2020-04-13 00:00:00-04:00,2039.87,2180,2038,2168.01,6310824
2020-04-14 00:00:00-04:00,2200.47,2292,2186.21,2283.31,15168337
2020-04-15 00:00:00-04:00,2257.68,2333.369,2245,2309.27,12634637
2020-04-16 00:00:00-04:00,2346,2460.998,2335,2408.19,33024507
2020-04-17 00:00:00-04:00,2372.33,2400,2316.02,2372.87,27969629
2020-04-20 00:00:00-04:00,2389.95,2444.98,2386.05,2393.08,15428327
2020-04-21 00:00:00-04:00,2416.61,2428.3098,2279.66,2329.36,20725717
2020-04-22 00:00:00-04:00,2369,2394,2351,2366.54,13904142
2020-04-23 00:00:00-04:00,2399.98,2424.22,2382.08,2399.44,8913313
2020-04-24 00:00:00-04:00,2417,2420.433,2382,2410,10481568
2020-04-27 00:00:00-04:00,2443.2,2444.88,2363,2376.82,10185891
2020-04-28 00:00:00-04:00,2372.1,2373.5,2306,2314.08,4643171
2020-04-29 00:00:00-04:00,2330.01,2391.89,2310,2371.88,7930384
2020-04-30 00:00:00-04:00,2419.84,2471.5,2396.01,2471.5,6873149
2020-05-01 00:00:00-04:00,2336.8,2362.44,2258.1902,2285.94,18176321
2020-05-04 00:00:00-04:00,2256.38,2326.98,2256.38,2315.99,4478248
2020-05-05 00:00:00-04:00,2340,2351,2307.125,2317.64,5909618
2020-05-06 00:00:00-04:00,2329.44,2357.45,2320,2350.97,2897787
2020-05-07 00:00:00-04:00,2374.78,2376,2343.11,2367.61,5882764
2020-05-08 00:00:00-04:00,2372.14,2387.2449,2357,2379.5,2751843
2020-05-11 00:00:00-04:00,2374.7,2419.665,2372.11,2406.9375,2942003
2020-05-12 00:00:00-04:00,2411.85,2419,2355.61,2357.505,5466390
2020-05-13 00:00:00-04:00,2366.8,2407.7,2337.805,2366.17,4474923
2020-05-14 00:00:00-04:00,2361.01,2391.37,2353.21,2391.37,3179099
2020-05-15 00:00:00-04:00,2368.52,2411,2356.37,2410.41,3788139
2020-05-18 00:00:00-04:00,2404.3457,2433,2384.01,2426.38,8093054
2020-05-19 00:00:00-04:00,2429.83,2484.995,2428.97,2448.59,4098905
2020-05-20 00:00:00-04:00,2477.87,2500.01,2467.27,2497.35,7341200
2020-05-21 00:00:00-04:00,2500,2525.45,2442.54,2448.01,9538349
2020-05-22 00:00:00-04:00,2455.01,2469.85,2430.13,2436.89,5253352
2020-05-26 00:00:00-04:00,2458,2462,2414.06,2423.7,3153936
2020-05-27 00:00:00-04:00,2404.99,2413.58,2330,2409.51,4754020
2020-05-28 00:00:00-04:00,2384.33,2436.97,2378.23,2401.05,2866537
2020-05-29 00:00:00-04:00,2415.94,2439,2398.1973,2436.53,5483326
2020-06-01 00:00:00-04:00,2448,2476.93,2444.17,2470.12,5441594
2020-06-02 00:00:00-04:00,2467,2473.53,2445.31,2473.3,4430214
2020-06-03 00:00:00-04:00,2468.01,2488,2461.17,2478.4,4700140
2020-06-04 00:00:00-04:00,2477.43,2507.54,2450.01,2460.6,5957350
2020-06-05 00:00:00-04:00,2444.51,2488.645,2437.13,2481.415,2821697
2020-06-08 00:00:00-04:00,2500.2,2530,2487.335,2522.8,3362615
2020-06-09 00:00:00-04:00,2529.44,2626.43,2525,2603.39,9564493
2020-06-10 00:00:00-04:00,2645,2722.35,2626.26,2648.16,9144811
2020-06-11 00:00:00-04:00,2603.5,2671.38,2536.23,2558.47,5177179
2020-06-12 00:00:00-04:00,2601.21,2621.4766,2566,2566.705,2752912
2020-06-15 00:00:00-04:00,2526.6,2584,2508,2572.62,6856018
2020-06-16 00:00:00-04:00,2620,2620,2576,2615.13,3175918
2020-06-17 00:00:00-04:00,2647.5,2655,2631.82,2641.72,5090473
2020-06-18 00:00:00-04:00,2647.01,2659.64,2636.11,2655,2114206
2020-06-19 00:00:00-04:00,2678.08,2697.43,2659,2671.86,8507797
2020-06-22 00:00:00-04:00,2684.5,2713.98,2669,2712,2754781
2020-06-23 00:00:00-04:00,2726.02,2783.11,2718.04,2764.42,3945888
2020-06-24 00:00:00-04:00,2780,2796,2721,2733.49,4148702
2020-06-25 00:00:00-04:00,2739.55,2756.23,2712.14,2756.16,2695963
2020-06-26 00:00:00-04:00,2775.056,2782.5688,2688,2692.87,5446380
2020-06-29 00:00:00-04:00,2690.01,2696.8,2630.08,2681.52,3895727
2020-06-30 00:00:00-04:00,2685.065,2769.63,2675.03,2756.09,3188724
2020-07-01 00:00:00-04:00,2757.99,2895,2754,2879.2,6112148
2020-07-02 00:00:00-04:00,2912.01,2955.56,2871.102,2887.56,6173373
2020-07-06 00:00:00-04:00,2934.97,3059.88,2930,3057.16,6493685
2020-07-07 00:00:00-04:00,3058.55,3069.55,2990,3000.12,4875944
2020-07-08 00:00:00-04:00,3022.61,3083.97,3012.4302,3081.88,4687637
2020-07-09 00:00:00-04:00,3115.99,3193.88,3074.0017,3183.81,6101864
2020-07-10 00:00:00-04:00,3191.76,3215,3135.7,3203.36,5135404
2020-07-13 00:00:00-04:00,3251.06,3344.29,3068.3901,3101.55,7304358
2020-07-14 00:00:00-04:00,3089,3127.38,2950,3084.02,6842135
2020-07-15 00:00:00-04:00,3080.23,3098.35,2973.1802,3008.87,5493280
2020-07-16 00:00:00-04:00,2971.06,3032,2918.23,2994.55,5979324
2020-07-17 00:00:00-04:00,3009,3024,2948.45,2961.47,4387781
2020-07-20 00:00:00-04:00,3000.2,3201.3599,2994.017,3195.01,7081997
2020-07-21 00:00:00-04:00,3232.49,3240.5757,3105.72,3141.43,5766866
2020-07-22 00:00:00-04:00,3125,3150,3065.26,3100.23,3731096
2020-07-23 00:00:00-04:00,3098.2712,3098.2712,2977.9639,2987.725,3491415
2020-07-24 00:00:00-04:00,2930,3031.58,2888,3008.92,5356527
2020-07-27 00:00:00-04:00,3062,3098,3015.77,3053.89,3843776
2020-07-28 00:00:00-04:00,3054.27,3077.0925,2995.76,2999.62,2874548
2020-07-29 00:00:00-04:00,3030.99,3039.1592,2996.77,3034.27,2761363
2020-07-30 00:00:00-04:00,3014,3092,3005,3052.65,4619962
2020-07-31 00:00:00-04:00,3244,3246.82,3151,3164.68,7390222
2020-08-03 00:00:00-04:00,3180.51,3184,3104,3111.42,3755142
2020-08-04 00:00:00-04:00,3101.21,3167.24,3101.21,3138.82,4498038
2020-08-05 00:00:00-04:00,3143.77,3213.586,3127.3,3205.83,3729635
2020-08-06 00:00:00-04:00,3194.36,3247.47,3165.43,3224.35,3776929
2020-08-07 00:00:00-04:00,3224.01,3240.81,3140.6726,3165.75,3698110
2020-08-10 00:00:00-04:00,3134.66,3155.33,3101.52,3149.87,2275412
2020-08-11 00:00:00-04:00,3113.2,3159.22,3073,3080.67,3384016
2020-08-12 00:00:00-04:00,3108,3174.385,3101.42,3161,3099388
2020-08-13 00:00:00-04:00,3182.99,3217.521,3155,3161.02,2859738
2020-08-14 00:00:00-04:00,3178.18,3178.2356,3120,3148,2453638
2020-08-17 00:00:00-04:00,3173.12,3194.97,3154.1775,3181.16,2307380
2020-08-18 00:00:00-04:00,3212,3320,3205.8186,3312.49,5011644
2020-08-19 00:00:00-04:00,3303.01,3315.9,3256,3260.15,3836717
2020-08-20 00:00:00-04:00,3252,3312.62,3238,3296.05,3010116
2020-08-21 00:00:00-04:00,3295,3314.3962,3275.39,3284.59,3298563
2020-08-24 00:00:00-04:00,3310.15,3380.315,3257.5608,3307.45,4293678
2020-08-25 00:00:00-04:00,3294.99,3357.4,3267,3346.05,3781529
2020-08-26 00:00:00-04:00,3351.11,3451.7388,3344.5674,3442.06,6420990
2020-08-27 00:00:00-04:00,3450.05,3453,3378,3400.7,3948873
2020-08-28 00:00:00-04:00,3423,3433.3699,3386.5,3401.8,2555139
2020-08-31 00:00:00-04:00,3408.99,3495,3405,3441.91,3853016
2020-09-01 00:00:00-04:00,3489.58,3513.87,3467,3500.47,3176312
2020-09-02 00:00:00-04:00,3547,3552.25,3486.685,3529.34,3607645
2020-09-03 00:00:00-04:00,3485,3488.41,3303,3369.17,7553385
2020-09-04 00:00:00-04:00,3318,3381.5,3111.13,3294.62,8364379
2020-09-08 00:00:00-04:00,3144,3250.845,3130,3149.84,5531793
2020-09-09 00:00:00-04:00,3202.99,3303.175,3185,3268.27,4679433
2020-09-10 00:00:00-04:00,3336.52,3349.89,3170.55,3176.12,4143393
2020-09-11 00:00:00-04:00,3208.69,3217.3408,3083.98,3117.28,4802863
2020-09-14 00:00:00-04:00,3172.9373,3187.39,3096,3102.97,4155895
2020-09-15 00:00:00-04:00,3136.16,3175.02,3108.92,3153.28,3623915
2020-09-16 00:00:00-04:00,3179.99,3187.238,3074.15,3077.14,4013159
2020-09-17 00:00:00-04:00,3009.25,3029.432,2972.55,3010.56,5878006
2020-09-18 00:00:00-04:00,3031.74,3037.8,2905.54,2952.64,7048417
2020-09-21 00:00:00-04:00,2906.5,2962,2871,2962,5556010
2020-09-22 00:00:00-04:00,3033.835,3133.99,3000.2,3129,6434345
2020-09-23 00:00:00-04:00,3120.43,3126.999,2992.376,2997.44,5139526
2020-09-24 00:00:00-04:00,2977.79,3069.3,2965,3018.58,5243062
2020-09-25 00:00:00-04:00,3054.86,3101.54,2999,3094.65,4132029
2020-09-28 00:00:00-04:00,3148.85,3175.04,3117.1685,3175.04,3460095
2020-09-29 00:00:00-04:00,3175.39,3188.26,3132.54,3142.92,2988446
2020-09-30 00:00:00-04:00,3141.14,3212.88,3133.99,3147.425,4021286
2020-10-01 00:00:00-04:00,3208,3224,3172,3222.01,4447323
2020-10-02 00:00:00-04:00,3153.63,3195.7964,3123,3125.93,4742517
2020-10-05 00:00:00-04:00,3145.84,3202.53,3140.85,3199.2,3257694
2020-10-06 00:00:00-04:00,3165,3182,3090,3099.29,4281272
2020-10-07 00:00:00-04:00,3135,3200,3132.385,3192.51,3910789
2020-10-08 00:00:00-04:00,3225,3233.2944,3174.99,3190.55,2837992
2020-10-09 00:00:00-04:00,3210,3288.99,3197.83,3287.82,4342333
2020-10-12 00:00:00-04:00,3349.94,3496.24,3339.55,3442.93,7483386
2020-10-13 00:00:00-04:00,3467.09,3492.38,3424.217,3442.64,4939710
2020-10-14 00:00:00-04:00,3448.9,3464.88,3340,3363.05,5167878
2020-10-15 00:00:00-04:00,3292.01,3355.88,3280,3338.62,4399240
2020-10-16 00:00:00-04:00,3362.64,3399.6606,3160,3160,5426210
2020-10-19 00:00:00-04:00,3299.61,3329,3192.735,3207.3,4104388
2020-10-20 00:00:00-04:00,3222.28,3266,3192.01,3216.26,3900027
2020-10-21 00:00:00-04:00,3206.26,3233.875,3160,3183.6,3568927
2020-10-22 00:00:00-04:00,3188.41,3198.75,3121.955,3177.4,3584321
2020-10-23 00:00:00-04:00,3189.48,3205.33,3140,3204.64,3013885
2020-10-26 00:00:00-04:00,3199.63,3282.98,3153.3,3207.32,5228634
2020-10-27 00:00:00-04:00,3224.94,3291.66,3211.3,3287.92,3742219
2020-10-28 00:00:00-04:00,3249.29,3264.02,3162.47,3162.49,4840893
date,close,,,,
10/30/2020,3036.15,,,,
9/30/2020,3148.73,,,,
8/31/2020,3450.96,,,,
7/31/2020,3164.68,,,,
6/30/2020,2758.82,,,,
5/29/2020,2442.37,,,,
4/30/2020,2474,,,,
3/31/2020,1949.72,,,,
2/28/2020,1883.75,,,,
1/31/2020,2008.72,,,,
12/31/2019,1847.84,,,,
11/29/2019,1800.8,,,,
10/31/2019,1776.66,,,,
9/30/2019,1735.91,,,,
8/30/2019,1776.29,,,,
7/31/2019,1866.78,,,,
6/28/2019,1893.63,,,,
5/31/2019,1775.07,,,,
4/30/2019,1926.52,,,,
3/29/2019,1780.75,,,,
2/28/2019,1639.83,,,,
1/31/2019,1718.73,,,,
12/31/2018,1501.97,,,,
11/30/2018,1690.17,,,,
10/31/2018,1598.01,,,,
9/28/2018,2003,,,,
8/31/2018,2012.71,,,,
7/31/2018,1777.44,,,,
6/29/2018,1699.8,,,,
5/31/2018,1629.62,,,,
4/30/2018,1566.13,,,,
3/29/2018,1447.34,,,,
2/28/2018,1512.45,,,,
1/31/2018,1450.89,,,,
12/29/2017,1169.47,,,,
11/30/2017,1176.75,,,,
10/31/2017,1105.28,,,,
9/29/2017,961.35,,,,
8/31/2017,980.6,,,,
7/31/2017,987.78,,,,
6/30/2017,968,,,,
5/31/2017,994.62,,,,
4/28/2017,924.99,,,,
3/31/2017,886.54,,,,
2/28/2017,845.04,,,,
1/31/2017,823.48,,,,
12/30/2016,749.87,,,,
11/30/2016,750.57,,,,
10/31/2016,789.82,,,,
9/30/2016,837.31,,,,
8/31/2016,769.16,,,,
7/29/2016,758.81,,,,
6/30/2016,715.62,,,,
5/31/2016,722.79,,,,
4/29/2016,659.59,,,,
3/31/2016,593.64,,,,
2/29/2016,552.52,,,,
1/29/2016,587,,,,
12/31/2015,675.89,,,,
11/30/2015,664.8,,,,
10/30/2015,625.9,,,,
9/30/2015,511.89,,,,
8/31/2015,512.89,,,,
7/31/2015,536.15,,,,
6/30/2015,434.09,,,,
5/29/2015,429.23,,,,
4/30/2015,421.78,,,,
3/31/2015,372.1,,,,
2/27/2015,380.16,,,,
1/30/2015,354.53,,,,
12/31/2014,310.35,,,,
11/28/2014,338.64,,,,
10/31/2014,305.46,,,,
9/30/2014,322.44,,,,
8/29/2014,339.04,,,,
7/31/2014,312.99,,,,
6/30/2014,324.78,,,,
5/30/2014,312.55,,,,
4/30/2014,304.13,,,,
3/31/2014,336.365,,,,
2/28/2014,362.1,,,,
1/31/2014,358.69,,,,
12/31/2013,398.79,,,,
11/29/2013,393.62,,,,
10/31/2013,364.03,,,,
9/30/2013,312.64,,,,
8/30/2013,280.98,,,,
7/31/2013,301.22,,,,
6/28/2013,277.69,,,,
5/31/2013,269.2,,,,
4/30/2013,253.81,,,,
3/28/2013,266.49,,,,
2/28/2013,264.27,,,,
1/31/2013,265.5,,,,
12/31/2012,250.87,,,,
11/30/2012,252.05,,,,
10/31/2012,232.8931,,,,
9/28/2012,254.32,,,,
8/31/2012,248.27,,,,
7/31/2012,233.3,,,,
6/29/2012,228.35,,,,
5/31/2012,212.91,,,,
4/30/2012,231.9,,,,
3/30/2012,202.51,,,,
2/29/2012,179.69,,,,
1/31/2012,194.44,,,,
12/30/2011,173.1,,,,
11/30/2011,192.29,,,,
10/31/2011,213.51,,,,
9/30/2011,216.23,,,,
8/31/2011,215.23,,,,
7/29/2011,222.52,,,,
6/30/2011,204.49,,,,
5/31/2011,196.69,,,,
4/29/2011,195.81,,,,
3/31/2011,180.13,,,,
2/28/2011,173.29,,,,
1/31/2011,169.64,,,,
12/31/2010,180,,,,
11/30/2010,175.4,,,,
10/29/2010,165.23,,,,
9/30/2010,157.06,,,,
8/31/2010,124.83,,,,
7/30/2010,117.89,,,,
6/30/2010,109.26,,,,
5/28/2010,125.46,,,,
4/30/2010,137.1,,,,
3/31/2010,135.77,,,,
2/26/2010,118.4,,,,
1/29/2010,125.41,,,,
12/31/2009,134.52,,,,
11/30/2009,135.91,,,,
10/30/2009,118.81,,,,
9/30/2009,93.36,,,,
8/31/2009,81.19,,,,
7/31/2009,85.76,,,,
6/30/2009,83.66,,,,
5/29/2009,77.99,,,,
4/30/2009,80.52,,,,
3/31/2009,73.44,,,,
2/27/2009,64.79,,,,
1/30/2009,58.82,,,,
12/31/2008,51.28,,,,
11/28/2008,42.7,,,,
10/31/2008,57.24,,,,
9/30/2008,72.76,,,,
8/29/2008,80.81,,,,
7/31/2008,76.34,,,,
6/30/2008,73.33,,,,
5/30/2008,81.62,,,,
4/30/2008,78.63,,,,
3/31/2008,71.3,,,,
2/29/2008,64.47,,,,
1/31/2008,77.7,,,,
12/31/2007,92.64,,,,
11/30/2007,90.56,,,,
10/31/2007,89.15,,,,
9/28/2007,93.15,,,,
8/31/2007,79.91,,,,
7/31/2007,78.54,,,,
6/29/2007,68.41,,,,
5/31/2007,69.14,,,,
4/30/2007,61.33,,,,
3/30/2007,39.79,,,,
2/28/2007,39.14,,,,
1/31/2007,37.67,,,,
12/29/2006,39.46,,,,
11/30/2006,40.34,,,,
10/31/2006,38.09,,,,
9/29/2006,32.12,,,,
8/31/2006,30.83,,,,
7/31/2006,26.89,,,,
6/30/2006,38.68,,,,
5/31/2006,34.61,,,,
4/28/2006,35.21,,,,
3/31/2006,36.53,,,,
2/28/2006,37.44,,,,
1/31/2006,44.82,,,,
12/30/2005,47.15,,,,
11/30/2005,48.46,,,,
10/31/2005,39.86,,,,
9/30/2005,45.3,,,,
8/31/2005,42.7,,,,
7/29/2005,45.15,,,,
6/30/2005,33.09,,,,
5/31/2005,35.51,,,,
4/29/2005,32.36,,,,
3/31/2005,34.27,,,,
2/28/2005,35.18,,,,
1/31/2005,43.22,,,,
12/31/2004,44.29,,,,
11/30/2004,39.68,,,,
10/29/2004,34.13,,,,
9/30/2004,40.86,,,,
8/31/2004,38.14,,,,
7/30/2004,38.92,,,,
6/30/2004,54.4,,,,
5/28/2004,48.5,,,,
4/30/2004,43.6,,,,
3/31/2004,43.28,,,,
2/27/2004,43.01,,,,
1/30/2004,50.4,,,,
12/31/2003,52.62,,,,
11/28/2003,53.97,,,,
10/31/2003,54.43,,,,
9/30/2003,48.43,,,,
8/29/2003,46.32,,,,
7/31/2003,41.64,,,,
6/30/2003,36.32,,,,
5/30/2003,35.89,,,,
4/30/2003,28.69,,,,
3/31/2003,26.03,,,,
2/28/2003,22.01,,,,
1/31/2003,21.85,,,,
12/31/2002,18.89,,,,
11/29/2002,23.35,,,,
10/31/2002,19.35,,,,
9/30/2002,15.93,,,,
8/30/2002,14.94,,,,
7/31/2002,14.46,,,,
6/28/2002,16.25,,,,
5/31/2002,18.23,,,,
4/30/2002,16.69,,,,
3/28/2002,14.3,,,,
2/28/2002,14.1,,,,
1/31/2002,14.19,,,,
12/31/2001,10.82,,,,
11/30/2001,11.32,,,,
10/31/2001,6.98,,,,
9/28/2001,5.97,,,,
8/31/2001,8.94,,,,
7/31/2001,12.49,,,,
6/29/2001,14.15,,,,
5/31/2001,16.69,,,,
4/30/2001,15.78,,,,
3/30/2001,10.23,,,,
2/28/2001,10.19,,,,
1/31/2001,17.31,,,,
12/29/2000,15.56,,,,
11/30/2000,24.69,,,,
10/31/2000,36.63,,,,
9/29/2000,38.44,,,,
8/31/2000,41.5,,,,
7/31/2000,30.13,,,,
6/30/2000,36.31,,,,
5/31/2000,49.94,,,,
4/28/2000,55.19,,,,
3/31/2000,67,,,,
2/29/2000,68.88,,,,
1/31/2000,64.56,,,,
12/31/1999,76.13,,,,
